1249795823375974409	P√§√§si√§isloma on t√§ss√§. Kotona tuli oltua. Mukavaa kun arki palaa ja saa olla kotona. https://t.co/TRbxz9H9SF
1250945552675565568	"Eila Aavakare sai t√∂it√§ kotona"
1248482423181983745	Voitaisiinko testata vai mik√§ nyt on ongelma.
1249319261383864320	Anyway mut m√§√§r√§ttiin kiireelliseen n√§ytteenottoon, l√§√§k√§ri katsoi aiheelliseksi, tulokset varmaan huomenna. Oireet: mm limainen ysk√§, painetta korvissa, ei kuumetta. Nen√§ pelaa. N√§yte otettiin nielusta eik√§ nen√§st√§, eli en saanut siististi √§ll√∂√§ livevideota jaettavaksi.
1250679982168387586	@HapponenHenna Keskiviikko oli kiva. K√§vin py√∂r√§ilem√§ss√§ parikymment√§ kilometri√§ (l√§√§ke kotoilun lis√§√§ntyneeseen herkutteluun). Torstaikin sujuu, kun kotona on kivaa. Nuorempi muksu piirt√§√§, vanhempi tekee kouluhommia. üòä Voimia eroprosessiin!
1250681990925430785	@inarimetsaa Joo t√§m√§ on vaikea. Min√§ en menisi, meill√§ peruttiin kaikki k√§ynnit viikkoja sitten. Pari puhelin aikaa tein. Lapsilta my√∂s peruttu ortodontistit. Kotona on turvallisempi nyt. Ja varmaan saat l√§√§kkeet kuitenkin normaalisti?
1246071416404901888	Saattaahan se olla er√§s muukin tauti.. En sano mik√§.
1250478519097995264	@OooPee M√§ taidan olla aika v√§synyt kun v√§h√§n h√∂r√§hdin. https://t.co/KtcDfqcW85
1249302327565209600	Hyv√§√§ p√§√§si√§ist√§ -- sukulounas peruuntui, mutta t√§ti yst√§v√§tt√§rineen saivat meilt√§ lounasannokset, eiv√§t nauti yhdess√§ vaikka asuvatkin viereisiss√§ taloissa. Pysyt√§√§ kotona pyh√§t, sit√§ nopeammin p√§√§semme takaisin normaaliin el√§m√§√§n! https://t.co/zZH0PjYS8u
1248288388907704320	@milotoivonen Valitettavasti √§itini, 87 v, on niin hyv√§ss√§ kunnossa, ett√§ ei #pysykotona ja hokee t√§t√§ samaa mantraa kuin muutkin vanhukset: "enh√§n mie ko vaan kaupas k√§yn". Jep. Katsastusasemalla, huonekaluliikkeess√§, kampaajalla. Mit√§ voin tehd√§?
1247573988194357251	Meid√§n pikkumies kier√§hti t√§n√§√§n ensimm√§ist√§ kertaa - positiivinen puoli nykytilanteessa, ett√§ koko ajan kotona ollessa p√§√§see n√§kem√§√§n ja kokemaan pienen ihmislapsen kehittymist√§ #el√§m√§
1248236820229500928	@tiritau_ On kyl ollu kiva leipoa ja laittaa ruokaa. Yleens√§kin laitetaan aina omat ruuat ja kummatkin meist√§ tykk√§√§ siit√§, mutta leivon aika harvoin, kun yleens√§ kun ei olla kotona ei kerit√§ sy√∂m√§√§n leipomuksia ennen kun menee pilalle. Nyt on ollut joku kakku koko ajan üòÜ
1246501174188085249	Britannian p√§√§ministerin Boris Johnsonin raskaana olevalla puolisolla on koronan oireita https://t.co/Cvgn2b3kpc
1248710082289897476	asun kotona t√§√§l√§ kiakko huoneessa
1245343130439897089	Aloin miettim√§√§n viimeist√§ paria viikkoa ja kuinka luonnolliselta t√∂iden tekeminen on tuntunut. On vain aika, ei ole ty√∂aikaa tai vapaa-aikaa vaan on aikaa, jota hy√∂dynt√§√§ eri teht√§vien suorittamiseen. Stressitasot alempana, tekeminen luistaa. Ja kyll√§, kaksi lasta on kotona.
1247890859061702657	@stekke12 Luullakseni voi uida, kun paino (jota on liikaa) ei haittaa. Ainakin voi lillua ja kellua, niiss√§ olen hyv√§! üòÅ Oli tosi kipe√§ jo pari viikkoa sitten, ilman erityist√§ syyt√§. Sitten palautui aika hyvin, mutta eilen ponnistaessani iski kova √§killinen kipu. Jospa menisi taas ohi...
1247202075961888770	On ollut viimeiset pari viikkoa kuumetta ja ysk√§√§, mutta minut laitettiin ty√∂kykyiseksi ilman mit√§√§n testausta. Jos se oli #korona niin harmi ty√∂kavereille, saavat hekin saman matkan s√§ngyn tai jopa haudan pohjaan. #ty√∂ #koronasuomi #l√§√§k√§ri #Suomi
1247243734120632324	En k√§yt√§ korvakoruja kotona, jollei ole vieraita k√§ym√§ss√§. En ole viitsinyt laittaa niit√§ karanteenin aikana ruokakauppak√§ynneillek√§√§n. Tuli t√§ss√§ mieleen, ett√§ rei√§t voivat umpeutua, joten iltak√§velyn j√§lkeisen iltapalan kunniaksi korvissa killuu Kalevala Korun Korona-korvikset.
1248128874409603072	Hieman hirvitt√§√§ miten saksalaisilta sujuu t√§m√§ eristys nyt p√§√§si√§isen√§. Viikonlopun s√§√§ennusteetkin n√§ytt√§√§ hyvilt√§ niin eiv√§th√§n he malta kotona pysytell√§. #korona
1251036345956470784	@jussila67 Apua mit√§ tapahtui? Mit√§ mit√§ mit√§ tied√§n? Koronameemej√§!
1250642645216616448	@yleuutiset Eik√∂s tuollanen markkeeraan sit√§ normaalia? Elimist√∂lle (keuhkot) on t√§rke√§ vaihtaa asentoa. Normaalisti me taidamme nukkuessakin n√§in tehd√§. Vois n√§in maalikko ajatella, ett√§ keuhkojen takia tuo on t√§rke√§√§?
1248690498950365184	@kahviboona Onpa kurjaa. Toivottavasti sun olo pian paranee! üòî Mullakin ollut kipe√§ olo, mutta ajattelin ett√§ johtuu vaan vedosta, eik√§ allergiasta. Mutta voi olla tosiaan vaikka siit√§kin.
1245916298212601857	K√§mpp√§ vuokrattu ja yhdess√§ p√§iv√§ss√§ tyhjennetty. Kevyt uupumus. Nyt v√§liaikaisasumista kunnes p√§√§st√§√§n Suomeen...
1247187457440874501	Is√§ni ollut jo kolme viikkoa palvelutalon karanteenissa, siell√§ onneksi kaikki ovat suht. terveit√§. Yleens√§ ei tykk√§√§ kovin pitk√§√§n puhua puhelimessa, mutta t√§n√§√§n juteltiin melkein tunti. H√§n on ter√§v√§ kuin partaveitsi, mutta liikkuminen hankalaa myelooman vuoksi.‚ù§Ô∏è
1248916776676724738	Jalkapohja viel√§kin niin kipee, ett√§ hyv√§ kun pystyin kilometrin matkan kotiin k√§veleen. Tuskien taival se oli. Kummallisesti tuo kipu alkoi eilen p√§iv√§ll√§. Eilen treenasin olkap√§it√§ ja ojentajia, enk√§ jalkoja ja aamup√§iv√§ll√§ treenatessa jalka tuntui ihan normaalilta.
1245767243755065345	@poskiparta Sairastelua lukuunottamatta mennyt tosi mukavasti. T√§n√§√§n varmistui, ettei flunssa ollut koronaa. Olisin n√§ill√§ oireilla sen toivonut olevan, koska silloin se ei olisi viel√§ edess√§.
1248966338686717957	anyway kihyun believer cover??????????????????????????????????????????????????? l√§hett√§k√§√§ apua vittu
1246450101544988672	Kuka antais tietoo, vaimo kaupassa t√∂iss√§ , ja min√§ kuulun ns riskiryhm√§√§n, mit√§ tehd√§ #viel√§terveen√§ #koronafi
1246384113470394368	@Nuosku @TellTee @TiinaAiraksinen @annelitiainen1 @koskela77 @MaipuMaire @PulmuM @JohannaKukka @maija_ku @AnnukkaMeronen @ArnkilKatriina Niin on kaupungissa. T√§√§ll√§ Mkarvialla aika v√§lj√§√§. T√§n√§√§n kaupassa kolme muuta meid√§n lis√§ksi. Kassallakaan ei jonotusta. Silloin, kun sairastin, ei viel√§ paljon mietitty koronaa. Se oli siell√§ jossain. Saattoi olla mit√§ vaan. Flunssan oireita ei ollut.
1247912518544166912	T√§ll√§ista tietoa.
1249703115865165825	@MariPSRantanen @iltalehti_fi Testaus on heikkoa. Omassa kunnassa sairas ihminen ep√§ili koronaa halus testeihin. Ja k√§skiv√§t menn√§ kotiin. Ei testi√§ eik√§ l√§√§k√§ri√§ ei mit√§√§n. Paikkakunnan ylil√§√§k√§ri hokee ett√§ on influessaa liikkeell√§.
1246563484399255552	V√§rj√§sin tukan ja v√§rist√§ tuli ekaa kertaa hyv√§ yhdell√§ yrityksell√§ ja nyt se tietenkin ehtii haalistua ennen kuin karanteeni loppuu üòÇüí¶ https://t.co/ovPP3YiNVw
1248998171138764806	Kaikille kasvomaskit ja k√§sineet kun ollaan ihmisten ilmoilla. #exitstrategy #COVID__19 #korona
1249331477378146305	Okei, lis√§√§n listaan sen ett√§ tein t√§n√§√§n ensimm√§ist√§ kertaa koskaan voileip√§kakkua. Miksi? Koska teki mieli ja sit√§ ei saa mist√§√§n. #ruokatwiitti #voileip√§kakku
1245791923207626752	@MattiHuu_YLE Pit√§√§k√∂ s√§√§t√§ ennustaa vaikka me kaikki ollaan kotona? ü§î (vitsi) Hyv√§√§ y√∂t√§ @MattiHuu_YLE ja muutkin
1249020437100625921	@Maikkari:lla py√∂rii mainos p√§tk√§, jossa kanavalla ty√∂skentelev√§t julkkikset??? Kertovat mit√§ he puuhaavat kotona ja kehuvat, ett√§ kyll√§ t√§st√§ selvit√§√§n. Paljon l√§mmitt√§√§ heit√§ jotka eiv√§t selvinneet tai heid√§n omaisia. #korona
1250380784197865472	Vittu ku selk√§ on taas nii saatanan kipe√§ eik√∂ t√§√§ oikeesti lopu ikin√§
1250979283012550656	@KurkiSaga Mulle normaali aika her√§t√§ arkena on yleens√§ 5.00. Riippuen ty√∂vuorosta ‚ò∫Ô∏è Eilen olin kotona 19.45 ja tunti hereill√§, sitten unille üò¥
1247818091138027521	Varasin juuri ajan verenluovutukseen t√§m√§n linkin kautta. En ole ikin√§ ollut, joten kerta se on ensimm√§inenkin! üòó
1247183551331741698	Poliisia kohti ampumisesta ep√§iltyjen miesten pakomatka jatkuu ‚Äì poliisi toivoo yleis√∂lt√§ apua https://t.co/tDyYGQafj7
1249431848457048066	@Dimmu141 Yll√§tt√§v√§n pahoina tullut oireet.
1249956224063475712	@mattimolari Voi yst√§v√§ rakas. √Ñl√§ mene sairaana saunaan. Rasittaa liikaa syd√§nt√§. Mene l√§√§k√§riin. Syy on saatava selville. Minun lapseni kuoli 28 vuotiaana voimakkaan rytmih√§iri√∂n seurauksena. H√§n oli keneenk√§√§n tiet√§m√§tt√§ sairastanut j√§lkitautina syd√§n lihastulehduksen. Parane pian. ‚ù§Ô∏è
1245766564600852480	@annelitiainen1 @maija_ku @MaipuMaire @minlaulai @PulmuM @TiinaAiraksinen https://t.co/KiQLFZKsqs Minulla juuri nuo oireet. üòØ
1249798477112098819	@KariViitala Joo. Katselen, mihin suuntaan pari seuraavat p√§iv√§√§ viev√§t. On ollut sellaista aaltoilua. Tosin, nauravat pihalle, jos sanon, ett√§ t√§n√§√§nkin oli kuumetta 36,3 üôÑMutta Ja se oikeasti oli kuumetta, vaikka omakin l√§mp√∂ni on joskus normaalistikin noin "korkea", mutta kuumeen tuntee.
1245626879324774400	T√§n√§√§n: p√§√§ saatanan kipe√§ ja t√§ysin voimaton olo. Palelee ja kuvottaa. Jehei saatana
1250731375302410241	@kautoh @PirtaHotulainen Kauto... 2 x negaa. Oireet jatkuu meid√§n perheess√§ 35 p√§iv√§n j√§lkeen. On tullut my√∂s neurologisia oireita: Sormien tunnottomuutta, poskien puutumista / kihelm√∂inti√§, leuan puutumista / kihelm√∂inti√§. Sama kihelm√∂inti / s√§rky s√§teilee hampaisiin. Neuro jutut alko 25.3... https://t.co/7tctYI2yOW
1247065105440952321	#Korvaushoito Miten koronaan vaikuttaa metadoni l√§√§kitys 22 v ajalta? Voisiko joku viisas kertoa sen mulle. Mulla on oireita. Siksi t√§√§ on t√§rke√§√§
1245353887499988993	Kysymyksi√§ ja vastauksia #korona #ty√∂suojelu
1246014089312288776	Radikaaleja muutoksia on tapahtunut. Onneksi monet j√§rjest√∂t ja kuntoutustahot ovat ottaneet k√§ytt√∂√∂n et√§vastaanotto- ja et√§valmennuspalveluja. N√§in monet kohtaamista ja tukea vaativat t√§rke√§t toiminnot voivat jatkua ammattilaisen ja asiakkaan v√§lill√§. @SOSTE10 #korona
1251027294098993157	Terveisi√§ synnyin/m√∂kki-paikkakunnaltani!
1249650992544694275	m√§ mun masennuskuplassa ennen t√§t√§ ja sill√§ hetkell√§ ku ilona sano ett√§ sit√§ ahdistaa sotkuisuus m√§ unohin sen kaiken ja rupesin siivoomaan
1246524179568119809	@jonna___maria Hyv√§ jos on ollut liev√§n√§. Kyll√§h√§n sen usein voi pelk√§st√§√§n oireista tunnistaa, joillain tietysti on niin flunssamaiset oireet, ettei voi olla varma.
1248235973370150912	Per√§suolisy√∂p√§ ahdistaa.
1247413014015414272	Salaatti on taas lopussa. Ja koska on t√§llainen jokakev√§inen kurkkukipu, en voi menn√§ kauppoihin. Ties miten pitk√§√§n t√§t√§ kest√§√§; joskus montakin p√∂lyist√§ viikkoa on kurkku kipe√§n√§. Vasta oireettomana saa menn√§ ostamaan jotain lis√§√§, joten, no, onneksi on lakritsia.
1249372904044875777	@ultrasylt @harrtohm @eppe @TapioKorhonen1 @risto_kuosa Ehk√§ tuossa voisi ajatella alkavansa hengitysharjoitukset siin√§ vaiheessa, jos/kun hengenahdistusta ilmenee? COVID on ymm√§rt√§√§kseni n. kolme viikkoa kest√§v√§ tauti, jossa tokalla viikolla yleens√§ pahimmat oireet.
1249603194981879812	@Hannelelal Ihan jotain pient√§ liikuntayrityst√§ kotona, sellaista kuperkeikkaa pienell√§ hyppytwistill√§ tai jotain. Alastulo meni v√§h√§n p√∂pelikk√∂√∂nüòÇ Olen aikaisemminkin tehnyt mut nyt ei onnistunut. Jalkap√∂yd√§ss√§ useita luunmurtumia, nivelsiteet rev√§ht√§neet yms. Ei voi leikata.
1247247717329485825	Britannian p√§√§ministeri Boris Johnson joutunut tehohoitoon korona takia #covid19 #koronavirus #britannia #p√§√§ministeri #terveys https://t.co/viJzoMiSxX
1246696101941596160	@JoasMarkus Painoin vahingossa P√§√§si√§islauantai, miksi? vaihtoehtoa. Piti valita P√§√§si√§islauantai, koska n√§in ollut tapana Pohjanmaalla. Toki poikani virpoi kerran palmusunnuntaina kotona Vantaalla, ja viel√§ p√§√§si√§islauantaina Kokkolassa. Ja poika tykk√§si, koska sai tuplasti karkkeja. üòÇ
1249962652568338432	@RaijaPajula @mattimolari Minulla siitep√∂ly nuha kepp√§, kouvu, hein√§t, pujo jne
1250757978183122946	@HuuhtanenPanu Siksi tarvittaisiin tietoa siit√§, keit√§ vakavasti sairastuneet ovat. Kuinka ep√§todenn√§k√∂ist√§ on, ett√§ muut kuin asunnoissaan karanteenissa el√§v√§t vanhukset sairastuvat vakavasti. Hoivakotien asukkaat j√§tet√§√§n my√∂s t√§st√§ pois. Flunssanveroiset oireet pit√§isi sitten vaan kest√§√§.
1247170002492456961	Infektioylil√§√§k√§ri: Lapin matkailun kausity√∂l√§inen, mene koronatestiin jos sinulla on oireita https://t.co/4Mb9ReQLzy https://t.co/jfT0gkfAEV
1247068493826097152	Lis√§ks c hepshiitti ja. Vahva antibioottikuuri
1248695051863064576	en√§√§ vuosi....#korona https://t.co/9G9dBACIxM
1250859986739134473	@moistkyungsoo mul on salee joku silm√§tulehdus lmaoooo
1245923661820747782	Eilinen leikkaus meni hyvin, nyt kuukauden saikku. Ja t√§ytyy pit√§√§ kummallista pient√§ kojetta mukana koko ajan, haavan p√§√§ll√§ on alipaineside ja laite imee ilman pois siteen alta. Kipe√§ on, mutta t√§ytyy vaan yritt√§√§ selvit√§. Hieman kyll√§ ahdistaa.
1247141984231477249	Meill√§ on koko perhe eli kaikki viisi henkil√∂√§ (ja lemmikit) kotona et√§t√∂iss√§/et√§koulussa. Tyt√§r toi juuri itse tekem√§ns√§ v√§lipalan tarjolle üòã Hmm, ilmaiset lounaat üôÑ #et√§ty√∂t #koronavirus #COVID19 #poikkeustilanne #hamtoast #coffee https://t.co/xIRaYi1GA8
1249169287295762432	@antmetsa Me surimme t√§t√§ hetke√§ jo kauan. Viimeiset viikot ovat olleet v√§ist√§m√§tt√∂m√§n odottamista. Nyt keskitymme huolehtimaan vaarista, h√§nen jaksamisestaan. H√§n on rakas ja t√§rke√§, menetti oman parhaan yst√§v√§n, vaimon. Se on isoin kipu kaikista. Mutta l√§hell√§ ollaan.
1246363337711116289	@NoponenPopo @MikaelJungner Ja koitappa p√§√§st√§b perus flunssa oireilla kunnan l√§√§k√§riin...
1246142130617225222	@marsusanoo Paskasti, mut ei haittaa üß° lepoa ja l√§mp√∂√§ sulle
1247814132423770114	@JukkaVuorio Minun painoni on pudonnut nyt 2 kiloa #koronakriisi aikana ja suunta jatkuu.
1249342626995855361	Potilas joutunut odottamaan jopa 15 tuntia ambulanssissa moskovalaisen sairaalan edustalla #korona #ven√§j√§ #turunsanomat https://t.co/ZZT0lwz1Ic
1250087865679319040	@TuomoKondie Mulla tosi vahvana foottinen aivastelu, aivastan saman tien kun meen ulos ja on aurinkoista, tai jos aurinko paistaa naamalle. Ja usein aivastelua useita kertoja putkeen.
1247142428005601280	@HeikkiOjala @soalmila @Lehmju @JuhaValve @MarjaanaValve @jacrafin Iltap√§iv√§√§ kaikille. Lenkill√§ on k√§yty pilvisess√§ s√§√§ss√§ aamup√§iv√§ll√§. Nyt l√§mp√∂√§ melkein 8¬∞ ja aurinko paistaa. Tuulikin on paljon lempe√§mpi kuin aiemmin. Kev√§√§lt√§ tuntuu!
1250874872395374593	Oon tulossa kipe√§ksi üôÉ Normi flunssa vaan mut √§√§√§rrgh
1250476009578795008	Mit√§ tehd√§ kotona? https://t.co/1Rp9fC0RLG
1247889377897762818	Mulla on p√§√§ kipe√§. Mun p√§√§ni on kipe√§ jatkuvasti aina kev√§isin, joten sit√§ kai t√§m√§kin on.
1251034523137126400	@pala0002 Kiitos. Hyv√§√§ ja turvallista sinulle Paula. ‚ô•Ô∏è Viel√§ v√§h√§n aikaa olen kotona ja l√§hden illaksi t√∂ihin.
1247341813356249089	@hameensuo @Sukkola Ei, vaan meni sairaalaan hoidettavaksi, koska kuume kesti pitk√§√§n. Oli kotonaan viikon ennen sit√§. Monesti, kun korkea kuume kest√§√§ pitk√§√§n, annetaan tehohoitoa.
1250470926770147328	Ja nyt prinsessa kotona taas. Kaksi setti√§ p√§√§llekk√§in, rs virus ja haavan kautta vereen mennyt bakteeri. Jatketaan kotihoitoa ja perjantaina viel√§ kontrolli sairaalassa.
1247821344466755584	@JuhaSarkio Hyv√§ kuulla, ett√§ voit paremmin! Tsemppi√§ paranemiseen. Itse olen ollut kertaalleen keuhkokuumeessa, jossa kuume 10 p√§iv√§√§ yli 40. Voin auttavasti kuvitella tuntemuksiasi.
1246096822130614272	@jii_laura Keskiviikkona iski ekat oireet
1250265891117215745	Fibromyalgia Todella ik√§v√§ yst√§v√§ , ainakin minulle iskee t√§ydell√§ voimalla lihaksistoon ,varsinkin jalat vaikeuksissa, k√§det my√∂s , ik√§v√§ ominaisuus kipu alue siirtyy kun hierotaan https://t.co/jKFNAaybRA #reuma #kipu #sairaus
1245935451468443649	Mutta mist√§ tied√§n onko mulla #korona vai per√§pukamat? https://t.co/bDEQnOnWes
1246708647566225408	Halusin nukkua kunnolla viime y√∂n√§ kun on ollut hieman univaikeuksia. Otin t√§yden annoksen mutta valitettavasti v√§√§r√§st√§ paketista. #rexall #virhe #korona #Kovid19 https://t.co/gTxaTI7YOr
1246499056303722497	Hei @babalybeck. Kerroit haastatteluissa, ett√§ sinulla ja miehell√§si ei eroja elintavoissa, ruokavaliossa jne. joten taudin rajuus miehell√§si on mysteeri. Oletteko asiaa tarkastelleet veriryhmienne kantilta? https://t.co/KKIjWwJhS1
1248989769532682240	heit√§n itseni ulos ikkunasta jos n√§√§ vatsakivut ei lopu + a new fancam https://t.co/GrA6KDSpch
1246464380583268354	Oon v√§h√§n sos, kun joudun maanantaina menee Terveystalolle hengitystieinfektioiden puolelle, kun nyt on vahvasti poskiontelotulehdukseen p√§in t√§√§ flunssa ja viel√§ yskitt√§√§. Korona t√§√§lt√§ tullaan! üò¨üò¨
1246064358293151745	T√§ll√§ viikolla haastattelin 11 henkil√∂√§ yhteens√§ 16 tuntia rapiat p√§√§lle. Lis√§ksi yksi 2,5 tunnin et√§istunto opiskelijoiden kanssa. Puhelimessa saa istua, siit√§ pit√§√§ #koronavirus huolen. #her√§√§misi√§-kirja
1247941357966155777	@JukkaVuorio Mit√§ teen v√§√§rin kun oma paino vain tippuu hissukseen? En p√§√§se harrastamaan normaalisti liikuntaa, toki tulee sy√∂ty√§ fiksummin ja nukuttua enemm√§n. #Koronadieetti #PysyKotona
1247447788868141057	Kysely: Miten teill√§ kokkaillaan kotona kesken et√§t√∂iden ja et√§koulujen? https://t.co/B1v1yaSfM4
1250794522528931841	@akihheikkinen Aki... Just tuli priva. My√∂s suomalaisia ollut sairaana joulukuussa. Tuli viesti kun kirjoitin oireista englanniksi https://t.co/lE4QU6K8Lx
1246440816299704321	nonni nyt ei juma ei helvetti auttakaa mik√§ auttaa n√§ihin tuskaisiin menkkakipuihin ku maha ihan sekasin ja joka asento tuntuu tuskaselta?? s√§rkyl√§√§ke, ei oo apua üò≠üò≠üò≠
1250759673172631553	Tilasin hesem√§tt√∂√§ p√§iv√§lliseksi, jotenkin tuntuu et se vois maistuakin nyt vaikka muuten tosi moni ruoka tuntuu edelleen etovan üíÄ viel√§k√§√§n en oikein tied√§ mik√§ laitto sen maanantain pahoinvointi episodin liikkeelle
1248918855348609024	Se hyv√§ puoli kotona pakotettuna olemisessa on, ett√§ ei tuu paljon pyykki√§. Nuuski √§n parin pv:n takaisen paidan kainaloita ja totean, ett√§ on viel√§ ihan kelpo ylle ü§£#korona
1246325606545010688	Olen turhautunut. Hyvin turhautunut üòñ En voi.. 1. tehd√§ t√∂it√§ (pakkolomalla ennenkuin sopimus p√§√§ttyy #korona) 2. lomailla. 3. suunnitella h√§it√§. 4. k√§yd√§ kotona tai n√§hd√§ veljen esikoislasta, koska #uusimaalockdown 4. k√§yd√§ miss√§√§n, koska kaikki paikat on kiinni. Stana. https://t.co/rQgQhhl7vc
1247610167417622528	5-vuotias iltapalalla. - Muistakko √§iti, silloin ennen vanhaan, kun viel√§ k√§vin p√§iv√§kodissa, siell√§ oli just samanlainen leip√§. - üôÑüôÑüôÑ #korona
1250834649980588032	Suosittelen my√∂s, selke√§ ja avartava juttu ‚ÄùToivo on el√§m√§nvoima t√§ss√§ ja nyt, kun toiveet avaavat perspektiivi√§ tulevaisuuteen.‚Äù #korona #vakavasairaus
1248687793003470848	Vihdoin kotona, k√§dess√§ ei onneks murtumia, mut kipee se saattaa olla viel pari viikkoa üò©
1250769688298172417	@akihheikkinen I know. Tilanne muuttuisi voimakkaasti sit. Voisin laittaa sulle yhden s√§hk√∂postin mik√§ on aika huolestuttava yhdelt√§ suomalaiselta joka asui Pula / croatian alueella viime joulukuussa ja h√§nell√§ alkoi vastaavat oireet kun mulla joulukuussa 19. My√∂s h√§nen sukulaisilla vastaavaa.
1248041576175144961	Vtbnmdscu fdp https://t.co/Ug7d6yMJeq
1246198604974473216	@TeroPohjasniemi m√§ki rakensin nyt 18 vuoden j√§lkeen peli-pc:n ett√§ tiettyj√§ oireita on
1245772934536400896	Ilmotin hell√§sti korvaan kuiskaten daamille ett√§ mit√§ jos otan huomenna pari pussikaljaa ty√∂kaverin kanssa p√§iv√§n p√§√§tteeks ja tuun fillarin kotiin (~14km). Tuli harvinaisen selv√§ks ett√§ meill√§ on yks 2v ja h√§n on 20/7 h√§nen kanssaan. #et√§ty√∂ #kotona #opettaja
1247237166796767234	Kaikille tolkutetaan: √§lk√§√§ menk√∂ vanhusten luo, pysyk√§√§ kotona. Samaan aikaan 92-vuotiaan anopin luona on jo viikkokaupalla k√§ynyt p√§ivitt√§in kotisairaanhoitaja, jolla ei viel√§ kertaakaan ole ollut hengityssuojainta. Hoitaja vaihtuu l√§hes p√§ivitt√§in?!? https://t.co/8fXogjrG14
1250823830974726148	√Ñ√§nest√§ ja kuulen mielell√§ni perusteluja?! üëçüëékoronantorjunta-appi
1246886606033817609	@JussiTossavaine Harvinainen oirehan se on. Jos ei ole kuumetta, nuhaa eik√§ ysk√§√§, voi mietti√§ jotain muuta syyt√§ ü§î
1245310368349597699	@MarjutNurmela Kiitos Marjut. Turvallista p√§iv√§√§ sinulle yst√§v√§ni. ‚ô•Ô∏è Olen t√§m√§n viikon lomalla ja jumitan kotona. Ensi viikolla on kolme vapaap√§iv√§√§ ja sitten p√§√§si√§iseksi t√∂ihin. üòä
1245722354887655425	@poskiparta Erinomaisesti omien asioiden osalta. Kotona on saanut aikaan paljon r√§stiss√§ ollutta, on saanut nukkua aamuisin ja mieli on kirkkaampi (kun on sairaslomalla). Huonompi homma on se, ett√§ l√§hiperheest√§ kaksi (70+) joutui sairaalaan. Huoli on iso.
1246361229712658433	Mulla ei oo tapana juoda kotona alkoholia, joten t√§ss√§ on ollut jonkinasteinen detox p√§√§ll√§. Kolmen viikon aikana alkoholinkulutukseni on romahtanut. T√§n√§√§n kuitenkin yst√§vien kanssa jallua et√§n√§.
1250793304142286852	siis en tii√§ mit√§ √§sken tapahtu mut mun pohje tais muljahtaa ja siis se parin minuutin kipu mik√§ siit√§ seuras.... üò≠üò≠
1248887168711434240	Oijoi, se on lauantai! L√§hden t√§n√§√§n oikein kunnolla radalle! üò≤üëä T√§ss√§ onkin jo pienet alkuvenyttelyt k√§ynniss√§. Kohta l√§hden 2,5 tunnin juoksulenkille pururadalle ja muille teille. Illalla yksi olut kotona! üç∫
1245792789411094529	ahdistus nousi jo kurkkuun vaikken oo pelannut kenenk√§√§n kanssa viel√§. luojan kiitos ett√§ pystyn viel√§ puhumaan t√§st√§ suomeksi kuin enkuksi..
1249979773637582848	@wenlawenla aa √§h :/ toivottavasti saat oltua uudelleen yhteydess√§ kun taas saa menn√§ oikeelle vastaanotolle, ja kerro jos tollasissa k√§yt√§nn√∂n asioissa tarttet apua!
1247893993439891458	P√§iv√§n "korona" levy. T√§m√§ soi mulla nyt. Mit√§h√§n muut kuuntelee t√§n√§√§n? #korona #levyhaaste #catstevens https://t.co/TBptLZOPKj
1246330665072840704	T√§n√§ aamuna mets√§lenkki koiran kanssa ja olo on muuten kuin eilen, mutta ei niin vet√§m√§t√∂n. Eniten vituttaa se, ett√§ ei t√§ss√§ oikein tied√§ onko kipe√§ vai ei. Ja sen vuoksi sitten entist√§ varovammin ymp√§rist√∂n kanssa olemista. Toisaalta, saa tehd√§ et√§n√§ duunia :D #tauti
1246467530941771776	V√§h√§n on p√∂ll√§ht√§nyt olo. Olen nimitt√§in kotona! Remontti on valmis. Tavaroista osa viel√§ laatikoissa, mutta kyll√§ t√§√§ll√§ jo p√§rj√§√§. Nyt vaan olen ja nautin! üöøüõãüì∫
1249257024183054342	t√§m√§n p√§iv√§n karanteeni mood on se ett√§ juon teet√§ kulhosta https://t.co/17xsr7QThI
1246408868965597185	@NeraBec Itse olin kotona, kumppani ajoi sattumoisin Prisman ohi ja n√§ki tilanteen.
1250619950554808320	@AMelaranta Onpa erikoinen juttu t√§m√§. Ei taida olla mik√§√§n "normaali kuume"?
1246756467962785792	Eksoten ty√∂ntekij√§ sairastui koronaan ‚Äì seitsem√§n ty√∂kaveria yh√§ karanteenissa https://t.co/SJsrG3lFEE
1247093542599774208	Mietin jo viimevuoden puolella miten jotain naapuriamme voi aivastuttaa todella monta kertaa p√§iv√§ss√§. Noh- nyt kun t√§ss√§ kotona py√∂rin niin t√§n√§√§n olen aivastuksia laskenut ja kertoja on sellainen 18.. kello 8.00 l√§htien #huolestunut
1249475129375109120	@Dimmu141 Joo nen√§ ja silm√§t vuotaa ja oon ihan tukossa varsinkin ulkona. Kiva kun kaikki luulee ett√§ mul on flunssa
1247770564237787136	@LeenaViikari Kotona vaimon kanssa kahdestaan
1249778075556069378	Jari Hedman parantui koronasta mutta keuhkoissa ja lihaksissa tuntuu edelleen. #koronalive #alfatv:ll√§ nyt https://t.co/dIRrD6F7jg
1249744424252444680	√Ñrtyv√§n suolen oireyhtym√§ on hyvin yleinen vaiva: L√§√§k√§ri kertoo, miten √§rtyv√§√§ suolta kannattaa hoitaa https://t.co/EeL90o3THI
1246786580142084098	Kun en p√§√§se kahvilaan ostaa j√§√§lattea teen semmosia kotona ‚ùÑÔ∏è https://t.co/kT6b7NZtsh
1250265456457347072	Todella ik√§v√§ yst√§v√§ t√§m√§ ainakin minulle iskee t√§ydell√§ voimalla lihaksistoon ,varsinkin jalat vaikeuksissa, k√§det my√∂s , ik√§v√§ ominaisuus kipu alue siirtyy kun hierotaan https://t.co/xZtTxRpRV9 #reuma #kipu #sairaus
1249174809969295361	Kaikki puhuu karanteeni-unirytmeist√§√§n joten t√§ss√§ mun: meen aina yhden ja kahden v√§liss√§ nukkumaan mutta se nousenko kuudelta vai kahdeltatoista on joka aamuinen yll√§tys
1249808688174567431	@tinyphantazma Mulla kaikki muut paitsi kuume. Vain kuumeinen olo ja lis√§ksi j√§seni√§ s√§rkee. Yskinyt olen jo varmaan kolme viikkoa. ü§∑‚Äç‚ôÄÔ∏è
1248584309918883840	Miten rauhoittua kun ahdistaa? https://t.co/CXNdkkmXuY
1247895530534891520	YTeiss√§ k√§vi paremmin kuin hyvin. Huomenna vika p√§iv√§, sit loppuu ty√∂ss√§olovelvollisuus ja palkkaa maksetaan normaalisti sopimuksen loppuun asti. Toisin sanoen, istun kotona ja palkka juoksee :D
1246012779124973568	@outilammi Hermovaurio jalassa. K√§velee, mutta altis uusille tapaturmille, kun jalka ei toimi normaalisti. Tuo toinen lausunto on harkinnassa, vaikka siit√§ tuskin on kissalle apua.
1248725486072672256	Outo tunne mahanpohjassa. En tii√§ onks se ihastuminen vai ripuli?
1246029207882412035	Ja niin vier√§hti iltavuoroviikko sairastaessa xd oisin kyl voinu menn√§ t√§n√§√§ viel√§ mut esimies k√§ski lep√§√§m√§√§n kotona ;;
1249078677717102594	Olen ensimm√§ist√§ kertaa el√§m√§ss√§ni yksin kotona p√§√§si√§isen√§. Aamulla viimein selvi√§√§, onko p√§√§si√§iskukkoa olemassa vai pit√§√§k√∂ suklaamunat hakea itse keitti√∂n kaapista. https://t.co/O4zGKD50Fr
1245752398204882948	@NyyperiSeO @EveliinaSilver Ilmoittauduin vapaaehtoiseksi jakamaan ruoka- apua, ett√§ p√§√§see edes v√§h√§n n√§kem√§√§n ja juttelemaan muiden aikuisten kanssa. Ja pois kotoa!
1249660416692797446	@KatjaKurk Kumpa ois tietoa ett√§ ois sairastettu jo, Nimim. 3 Viikko Karanteenissa kotona sairastettu. Viimeinen viikko alil√§mm√∂ll√§ ja pienell√§ kuumeella. :/
1247442997115064320	P√§iv√§ nelj√§. Paniikin oireita, eik√§ pit√§is olla mit√§√§n syyt√§.
1249711591953764352	Luojan kiitos meill√§ asuu vain yksi 8-teen-vuotias üòÄ
1246895380144574469	@VentoSoili @TiinaMalkamaki @marjatta62pm En osaa sanoa. Tied√§n ett√§ koronaan voi liitty√§ vatsataudin oireet. Tyt√§rpuoli varmaankin sairasti koronan n√§in.
1249968230577385475	@VRmatkalla H420 klo 5.05 Jyv√§skyl√§st√§. Juna on ollut tosi viile√§ aamuisin toista viikkoa mutta t√§m√§ aamu oli enn√§tyskylm√§. L√§mp√∂√§ alkaa tulla Oriveden tiet√§mill√§. T√§h√§n on varautunut pukemalla enemm√§n p√§√§lle junamatkaa varten mutta silti t√§n√§√§n ei meinannut tarjeta.
1249350962311036931	@lixfia apua ihana üò≠üò≠ finally sain kaverin ü•∫ ei mee kauheen hyvin atm mutta eik√∂h√§n t√§m√§ t√§st√§ viel√§,, meneek√∂ sinulla miten c:
1250830028780326919	@Nousutaimen @somevaari Ei ole m√∂kki√§. Asun 18 km p√§√§ss√§ pienehk√∂n kunnan keskustaajamasta, maaseudulla. Viimeiset 5 vkoa olen pysynyt k√§yt√§nn√∂ss√§ t√§ysin kotona, max. kerran viikossa k√§ynyt vain ruokakaupassa. Toivotaan, ett√§ tilanne alkaisi parantua mahdollisimman pian.
1249679935112962054	Rasvamaksan seurauksena tullut maksasy√∂p√§ on lis√§√§ntynyt ‚Äì tunnista ep√§m√§√§r√§iset oireet https://t.co/9UVf5rtK76
1245987651934617601	HUS aloittaa l√§√§kehoitotutkimuksen. #koronafi https://t.co/Mc3EqWKdV9
1249386101040701440	Huonosti nukutut y√∂t on aivan hanurista! T√§√§ p√§iv√§ on ollut v√§synyt ja alavireinen ja toivon todella, ett√§ nukkuminen ensi y√∂n√§ ei olisi pelkk√§√§ toiveunta!
1245585926639611904	Vammaiset ihmiset ovat usein hyvin haavoittuvassa asemassa kriisitilanteissa. Kenian Punaisen Ristin vapaaehtoinen tiedottaa toisia kuulovammaisia koronaviruksesta.
1248122369924882433	@saaristolainen Sairasp√§iv√§ 4. Her√§sin hikisen√§ kuin pieni porsas. Vaihdoin kaikki petivaatteet. Koira luuli leikiksi ja veti lakanoita aina v√§√§r√§√§n suuntaan. Sill√§ oli hauskaa, mulla kovempi hiki. ü•¥
1246869945071394818	Tuttavaperheen √§iti j√§tti t√§n√§√§n puolison ja kaksi koululaista kotiin siirtyess√§√§n vuokrayksi√∂√∂n ajaksi, jonka ty√∂skentelee teholla. #korona #tehohoito https://t.co/YuTxaFmyzp
1250798009723629569	@meirapap apua mit√§
1247030369834143745	@markusnieminen P√§√§si√§inen ja saa olla sitten loppuviikosta ennemm√§n kotona ja perheen kanssa. #viimevuodentwiitti
1248709365957382150	@tarjaofficial Hyv√§√§ P√§√§si√§ist√§ üòòüíûüôèüé∂kaikille kotona üê£üê£üê£üê£üê£
1247846933403746304	@Velogi_com Nelj√§ viikkoa sairastanut, joten viel√§ maantiekauden avaus suorittamatta. Ysk√§√§ ja p√§√§ns√§rky√§ viel√§. Sitke√§ tauti on. Jos p√§√§si√§isen j√§lkeen onnistuisi.
1250640678910033920	Eilen leikkausp√§iv√§n√§ s√∂in vain nelj√§ leip√§√§ ja jukurtin, t√§n√§√§n aamulla taisi verensokerit olla alhaalla kun alkoi py√∂rytt√§√§ ja hiki virtasi. Leikkaushaava v√§h√§n kipe√§ joten oxycontia naamaan heti aamusta #leikkaus #hamstring
1248149937617096704	meen niin sekasin jo p√§ivist√§ t√§s karanteenissa ett√§ unohin taas yhen viikottaisen aamupalsun ja tietenki her√§sin vasta sen j√§lkeen ü§ôü§ô
1249423040120791040	Jonna, 34, sairastui Lissabonissa koronaan ‚Äì rajut oireet toivat kuolemanpelon, sairaalan p√§ivystyspuhelimesta kuului va https://t.co/J5fXgFXqok
1247867351128825856	Koronavirus voi aiheuttaa odottavalle √§idille hengitysvaikeuksia ‚Äì Naistenklinikalle perustetaan osasto ennenaikaisia synnytyksi√§ varten https://t.co/7IOlxdf6TU
1250880981990547457	@HytonenAila Kuumetta, p√§√§ns√§rky√§, pahoinvointia, mahakramppeja, lihass√§rky√§ ja pient√§ ysk√§√§. V√§symyst√§ ja voimattomuutta üò∑
1248552784364003328	Jee....kerrankin saa olla rauhassa kotona #koronavirus #p√§√§si√§inen
1246357198198001664	@JuusoQ T√§√§ ei ole ku pieni nuha! *Suora leikkaus kuukauden p√§√§h√§n*
1247634008416149504	@liandersson seuraan sua pitk√§√§n hienoa ty√∂t√§ teet!siksi haluan sulta apua ! meill√§ on uus perhe johon kuuluu 3 teinipoikaa asumme V√∂yrill√§ 2 poikaa k√§y ruotsalaiskoulussa 5km p√§√§st√§ mutta mun poika suomenkielisess 27 km p√§√§st√§ olen kysynyt kouluilta ja kunnilta miten kouluruoka toimii?
1249591965160738817	@ErvastiPekka https://t.co/yyALzscmml Pari p√§iv√§√§ ensin pahvilaatikossa lattialla
1245362149633019906	Upea p√§iv√§ t√§n√§√§n‚ù£Ô∏è Ei k√§ynyt ajatuskaan #koronafi jutuissa, mutta itkin kaksi kertaa. Ilosta. @Helmitehdas #syntt√§rit
1250474356691611648	"Keuhkot eiv√§t ole en√§√§ entisell√§√§n" https://t.co/q4tQvARaED
1251044399125016577	Koronavastaanotolle oli toinen sis√§√§nk√§ynti. Min√§ laitoin huivin kumminkin naamalle oli siit√§ sitten hy√∂ty√§ tai ei. Odotushuoneessa kaksi muuta. Mietin sanonko ettei mulla ole oireita, mutta en sanonut mit√§√§n. https://t.co/QqN7ITurjC
1249360798058778624	Hyv√§√§ p√§√§si√§ist√§! https://t.co/x45vpLF5Wn
1247870023387041798	Olin aloittamassa #taukojumppa :a (s√§lekaihtimet auki). Vastap√§isen talon parvekkeelle tuli mies #p√§iv√§kalja :lle. Kumpikin pakeni. üòÖ #et√§ty√∂ #koronakev√§t
1245942849125957633	Eilen juuri kuuntelin Baaba Lybeckin haastattelua jossa minulle oikeasti nyt konkretisoitui t√§m√§n taudin vakavuus! Pliis ihmiset, pysyk√§√§ kotona jos vaan voitte, k√§ytt√§k√§√§ maskeja ja pesk√§√§ niit√§ k√§si√§, kiitos! üôèüôèüôè https://t.co/vBHsWElHki
1250501855886614529	@j_sjoman Minulla on aina nuha, kun on alle 25 astetta plussaa, joskus kun on ylikin. Ai ett√§ nolottaa pyyhki√§ kaupassa nen√§√§, tekisi mieli huutaa √§√§neen, ett√§ ‚Äùallergiaa ja vasomotorista nuhaa vaan‚Äù. üôà
1247955006109646848	Ja syy mihink√§√§n turhaan sosiaaliseen kanssak√§ymiseen ei ole nyt ‚ÄùMutta kun ei mulla ole mit√§√§n oireita.‚Äù
1248572187419848704	ü§ìü§ò‚úå Koko vkloppu yksin kotona woowee https://t.co/7SxEPpU46x
1249915028955947013	@jarvansalo Oukei. M√§ huomenna Loimaalle. Muuten k√∂k√∂t√§n edelleen kotona...
1250845010720968707	@IiroKaksonen @Penmen2Penmen @somevaari Voi muuten puhjeta todella √§kki√§. Pelkk√§ kausi-influenssa voi eskaloitua tyylill√§ her√§tess√§ ok, illalla 39+ kuumetta.
1246873241655934981	@JanneRoivas Kiitos! Joo on t√§ss√§ ollu jo kuukauden p√§tk√§ hoito k√§ynniss√§ ja jatkuu. Apua ja tukea tulee joka suunnasta. :)
1249024301304512512	se on aina kotona mun luurini siis puhelin
1249681678903230471	P√§√§si√§isen "er√§retki" piti tehd√§ t√§n√§ vuonna metrolla. Enp√§ olisi vuosi sitten uskonut. #koronakriisi https://t.co/t4Qbwr3aXo
1246769463283912706	Meill√§ loppui vatsakivut kun ei tarvitse menn√§ kouluun taistelee.
1247842786080104450	@LeenaViikari Kotona..Vaimon ja 4 tytt√§ren kans.
1250391376296054784	@JonesJouni Vaajaa kk sitten jouduttiin lopettamaan kun vointi heikkeni. Keuhkot t√§ynn√§ rakkuloita ja nestett√§ vatsassa, ja siihen ei parannuskeinoa/l√§√§kett√§
1247871090074025984	Mik√§ voisi menn√§ pieleen?
1246092567835480074	Soitin omalle hammasl√§√§k√§rille. Hammasta s√§rkee ja kurkku on v√§h√§n kipe√§ samalta puolelta. Vastaus: ei ole aikoja. Soitin seuraavaan. Vastaus: √§l√§ tuu t√§nne noilla oireilla, ehdottaa puhelinl√§√§k√§ri√§. Soitan ja saan puhelinreseptill√§ penisilliini√§. #Tukholma #koronaruotsi
1247865447606870018	@Ulkoministerio Tytt√§remme olisi tulossa kotiin Gijonista. Ollut siell√§ jo 4 vkoa karanteenissa mutta yhteyksi√§ kotiin ei ole. On tehnyt ilmoituksen ja saanut viestin t√§n√§√§n, ett√§ toiselta puolelta maata l√§htisi lento. Sinne ei p√§√§se mill√§√§n.
1250789292860899329	Ilmeisesti toimii muunkinlainen suodatustekniikka. https://t.co/B65DYnKYhZ
1247910366073536515	Is√§√§ k√§vin moikkaamassa tunnin ajomatkan p√§√§ss√§ palvelutalon karanteenissa. Ikkuna auki, ja siin√§ juteltiin sopivan v√§limatkan p√§√§ss√§. Tyls√§√§ h√§nell√§ on, kun melkein joka p√§iv√§ t√§t√§ koronaa ennen k√§vi vieraita ja p√§√§si ulos vaikka ravintolaan, kun voi hyvin. Vein suklaamunia üôÇ
1245709643227246593	Influenssarokotus kannattaa ottaa.
1247822885135233026	Turun taidemuseo lomauttaa osan henkil√∂st√∂√§√§n #turunsanomat #turku #museo #lomautukset #koronavirus https://t.co/ja2G2SEq33
1251100451883364352	@MrsLToYou Aurinko ja l√§mp√∂√§ 5 astetta, joten tuohan on melkein kuin juhannus. Paitsi ettei sada.
1250866074465325056	@MaijaIsokorpi @Kaijaala Sama. Kotona nyt 4 vkoa. Kaupassa k√§yd√§√§n kerran viikossa.
1246086382273073153	@JesiseJ Voi ei! Sukulaisella vaiva v√§h√§n eri paikassa. Haava repsahtanut auki. Tosi kipe√§ eik√§ oikein uskalla tehd√§ mit√§√§n, ettei tilanne pahene.
1247517264632373248	Hienoa kuulla! Hyv√§√§ toipilasaikaa. @JuhaSarkio
1250645759491440640	@susmikkonen @MiB_ry My√∂s p√§iv√§kodin empaattinen suhtautuminen ois kiva! Meill√§ lapset kotona, mutta tutuilta kuullut, ett√§ joka p√§iv√§ lasta viedess√§ tai hakiessa tulee noottia ja vinkkausta lasten kotona pit√§misest√§. Ihan kuin asia ei olisi l√§peens√§ harkittua siin√§ vaiheessa. üòë
1247768422940696578	Tulevaisuuden aikuiset: Muistan kun olin 2 viikkoa vaihdossa keitti√∂ss√§...
1248139078228377603	Lentokapteenilta tukea l√§ksyihin ‚Äì Finnairin lomautetut ty√∂ntekij√§t tarjoavat koululaisille apua netiss√§ https://t.co/MR72IKrz1U
1250849677727150080	@larymies En saanu lupaa kokeilla t√§t√§ huomenna kotona ‚òπÔ∏è‚òπÔ∏è‚òπÔ∏è
1248692949074010119	@RMuristo Samaa ajattelin. Kuume alkaa n. 5 p√§iv√§n p√§√§st√§ ja 18 p√§iv√§√§ siit√§ tulee kuolema. Ei t√§m√§ viel√§ v√§ltt√§m√§tt√§ ohi ole.
1249505097958207489	hyv√§√§ y√∂t√§ t√§√§ karanteeni vaa sekottaa p√§√§n right haha
1246300510627532800	@SweetMarianne Mun malli on nimelt√§√§n pakollinen kasvatusprojekti kunnon juurikasvulla. T√§ss√§ on ollut v√§h√§n kaikenlaista, mm kampaajan karanteeni matkan j√§lkeen.
1248901084241952770	@anukaunisto Pime√§ on t√§h√§n menness√§ loppunut enemmin tai my√∂hemmin, vaikka kivussa ei silt√§ tunnukaan. Kiitos samoin, sisko! &lt;3
1245997376948580353	T√§m√§ olisi t√§rke√§ uudistus.
1249048942593089538	Mitk√§ ne oireet olivatkaan...? https://t.co/kXJUREYO9C
1246508948884279296	Meid√§n perheen on helppo luvata #lomareissut Suomessa, ulkomaan lomareissuja ei oo pahemmin tehty. Joten perheemme tulee k√§ym√§√§n #kylpyl√∂iss√§ #hotelleissa #lomam√∂keill√§ kun #korona ohi. Tsemppi√§, kyll√§ t√§st√§ selvit√§√§n!
1245430705682821126	Oon ollu kotona nyt √∂√∂ monta p√§iv√§√§, en edes muista k√§vink√∂ viime viikolla torstaina vai keskiviikkona ty√∂pajalla, taisin silloin k√§yd√§ kaupassakin viimeksi. Tuntuu et alan vieraantumaan maailmasta. #koronap√§iv√§kirja
1247540741695393792	Arvatkaa kumpi seuraavista tilanteista on v√§sytt√§v√§mpi: A) Fillarilla 7,5km t√∂ihin, 8h t√∂it√§, fillarilla kotiin. Ruoka yms. B) 9h yksin kotona et√§koululaisen ja kahden alle kouluik√§isen kanssa. https://t.co/kdVz44XPFN
1250045586331574272	Aaltosen Miron kanssa taidettiin tutustua ~yl√§asteella. Blues-aikoina taisin kysell√§ paitaa, j√§i lopulta kyselyn tasolle. Oli todella mukava yll√§tys, kun ensimm√§isen Vitjaz-visiitin j√§lkeen sain soiton oisinko kotona. Hetken p√§√§st√§ kiikutettiin paita kotiovelle. Arvostan! https://t.co/yx2MbCHYpP
1246508768831197184	Pojalla n√§k√∂j√§√§n kuume ja ysk√§. Pit√§√§k√∂ panikoida? Onneksi ruokaa on ainakin viikoksi nyt. #maailmanloppu #koronavirusfi
1248282596615864320	Irinan Haluun olla yksin on saanut viime aikoina ihan uuden merkityksen, kun kotona on koko ajan joku. Jopa junamatka Turkuun ihana ois. üò¨ #yleolohuone
1248151379492900870	Korona tuntuu olevan jo keuhkoissa ‚Äì olenko luulosairas? Psykiatrian erikoisl√§√§k√§ri antaa selke√§n vastauksen https://t.co/5gMGNoec8z
1247753976394612736	@JussiTossavaine Oireiden mukainen hoito. Muista juoda nesteit√§, hiukan my√∂s sit√§ sokeripitoista mutta my√∂s suolapitoista.. Jos tulee hengitysvaikeuksia niin heti yhteys teid√§n terveysasemalle.
1250711834623184896	@nickelskirsi @NiitaHolmberg @ttaivainen Mun osastolla 4 hoitajaa koronassa. Yksi potilas oireili, eik√§ n√§ytett√§ otettu kuin vasta viiveell√§. Hoidettiin ilman suojaimia kun vain kuumeili. T√§m√§ siis tavallinen osasto. Potilas oli tuonut sen tullessaan muualta ja kuume nousi ilman muuta oiretta.
1250780124376641542	@HurmeKaisa Niin saisi. Kiitos, joka p√§iv√§ paremmin. Kova ysk√§ ja v√§symys viel√§, mutta toiveeikkaana odotan jospas p√§√§sisin ensi viikolla k√§velylle
1248103267759992835	Dear Eki, en ole en√§√§ p√§iviin edes yritt√§nyt etsi√§ parillisia sukkia jalkoihini. Sin√§ns√§ kaikki sukkani ovat kyll√§ mustia. Onko t√§m√§ vakavaa? #koronakriisi
1249598986064887808	@TiinaKerkola Alkuun pari p√§iv√§√§ vatsaoireita, osalla lis√§ksi tosi liev√§√§ kurkkukipua muutaman p√§iv√§n (aamukarheutta) ja yhdell√§ keuhkoputken tulehduksen oireita, yksi t√§ysin oireeton. Eli meill√§ tauti oli oireeton/todella liev√§oireinen.
1248484791072124930	@soivaara Jos se okisi korona niin tuntuisi kuin olisi painava metallilevy rintojen / keuhkojen p√§√§ll√§, olisi vaikeaa hengitt√§√§, henkitorvessa kutiaisi ja olisi yskitt√§v√§. Muitakin oireita voi olla.
1247207816697450496	M√§ haluaisin menn√§ k√§ym√§√§n p√§√§si√§isen√§ kotona ja vanhemmat haluis ett√§ tulisin sinne niin oon ihan conflicted... Toisaalta oon terve, mut pelk√§√§n et mulla ei oo vaan oireita... https://t.co/cR011XKBMn
1248650026903048193	en jaksa t√§t√§ ohjelmaa apua #aikuiset https://t.co/25HU3vA9ru
1246307431346470917	@TuijaJansson Mulla oli viime vuonna sama tilanne. N√§ist√§ oli apua: uudet silm√§lasit, verenpaineen pudottaminen, ilmanvaihdon lis√§√§minen y√∂ksi. N√§in√§ p√§ivin√§ pitk√§ istuminen tietokoneen √§√§ress√§ huonoissa asennoissa ilman kuntosalia iskenyt niskaan ja lis√§nnyt s√§rky√§.
1246310531423748096	My√∂nn√§n. T√§√§ kotona k√∂kkiminen on her√§tt√§nyt ankaran koirakuumeen. https://t.co/6Tk0MHsdy5
1249398187892379648	P√§√§si√§isterveiset ja joogaa kotona üôè - https://t.co/7dfrb0RCKQ https://t.co/s6fXtfbwns
1245655194005725184	@markkugr @jyrki_haataja @T_Hamalainen Joo koirat on v√§h√§n ihmeiss√§√§n, kun ollaan koko ajan kotona
1247573678751170567	Hyvi√§ vinkkej√§ jaksamiseen n√§in koronan aikanaüëçüèª
1247422599564611584	Ma 6.4. valmistuneissa #koronavirus-n√§ytteiss√§ oli 3 uutta #COVID19-positiivista. Todettuja tartuntoja yhteens√§ nyt 46. Sairaalahoidossa t√§ll√§ hetkell√§ 5 potilasta, joista kaksi tehohoidossa. https://t.co/l7ETsrLX2g
1247906292192038921	@JussiTossavaine T√§ss√§ sinulle kuva meid√§n pienest√§, kuvassa kotona vasta nelj√§tt√§ p√§iv√§√§ hein√§kuussa 2016. https://t.co/T0l2idSuHw
1248515210664644610	Ahdistaa koronakytt√§ys-jutut. T√§ll√§ viikolla oon joutunut poikkeuksellisesti poistumaan kotoa muutaman kerran. Joka kerta olen ahdistunut jo valmiiksi, ett√§ mit√§ jos yskitt√§√§? Eilen jouduin melko aggressiivisen kyselyn kohteeksi, kun √§√§ni alkoi kadota ja https://t.co/c0dzHgaMt9
1245728601024212992	Ty√∂p√§iv√§ loppui 16 maissa ja jumppa per√§√§n. Kotona valmistin tsatsikia, raakamakkaraa ja perunaa p√§iv√§lliseksi. Kaikki t√§m√§ valmis klo 18. Aika hyv√§, nyt voi velttoilla kaikessa rauhassa. üòé
1249385621723938819	@kallio2017 Meill√§ taas is√§ vanhainkodissa karanteenissa ollut monta viikkoa. Nyt joutui sairaalaan kovan kuumeen vuoksi eik√§ voi menn√§ katsomaanüôÅ
1246080088694820865	Sastamalassa enint√§√§n muutama koronavirustartunta https://t.co/rXmba53q8i #sastamala #korona
1249988529112875010	@SirkkaVainio Mulla ollut my√∂s useampi kuumeeton keuhkokuume ja viimeisen flunssan j√§lkeen l√§√§k√§ri kirjoitti reseptin. Oli noin 90‚Ç¨ hinta mutta sain sen ty√∂terveydess√§ laitatettua vuositarkastuksen yhteydess√§. Koronan j√§lkitautina serkun miehell√§ ainakin tuli keuhkokuume. Eri virus tietty.
1250391607343529986	Saavuin ulkomailta 14 p√§iv√§√§ sitten ja karanteenini on nyt ohi! Nyt tekee mieli k√§det syyhyten suunnata ostoskeskukseen, salille, ravintolaan... ...ai mit√§? Kaikki paikat ovat kiinni? Oletko tosissasi? No voi perk... No kai t√§ss√§ sitten pit√§√§ tylsisty√§ kotona... #covid19FI
1247513093254643712	Ent√§ onko n√§m√§ koronaviruksesta parantuneet edelleen viruksen kantajia ja levitt√§ji√§.
1249803314927153153	apua, alotin joskus kahen maissa pelaamaan witcher 3 ja nyt on keskiy√∂, mit√§ tapahtu
1250680466455310336	Istun kotona ja tuijotan ty√∂tt√∂m√§n√§ lumisadetta. Alunperin mun piti olla t√§n√§√§n Kreetalla palautumassa enn√§tysvilkkaasta ty√∂rupeamasta ja latautumassa tulevaa joogakiertuetta varten.
1251032441881538560	@KOjutkangas 17-vuotias ja oli jo muhinut kotona pari viikkoa koneella. Onneksi naapurissa asuvan kaverin kanssa ryhtyiv√§t aamulenkeille.
1246675752919105536	Kiitos ihanista vastauksista! ‚ù§Ô∏è Monta hienoa paikkaa mainittu niin Suomesta kuin ulkomailtakin. Jos ei ole ollut tuttuja paikkoja, olen googlettanut ja oppinut uutta. Unelmointi tekee hyv√§√§. Etenkin nyt. #poikkeustila
1248968134884761600	Vitsit v√§hiss√§. üôÄY√∂ll√§ her√§sin kurkkukipuun ja nyt syv√§ sis√§√§nhengitys polttaa yl√§keuhkoissa.Kuumetta ei ole eik√§ herk√§sti tule kun mun termari rikki.Tyt√§r ei voi auttaa oikein miss√§√§n koska h√§n on seuraavat viikot t√∂iss√§ sy√∂p√§polilla.#pysypoissaüò£
1247872630180450305	Poliisi kaipaa apua Turussa: 7-vuotias Oliver on kateissa ‚Äì havainnot suoraan h√§t√§numeroon https://t.co/vmuuFKQhy4 https://t.co/1nEVAxgE82
1246089031546474498	Sv. ahdistus, pakkoajatukset, ocd.
1246767767723937792	@Minnkku Meill√§ ei onneksi sellaisia k√§y. Mutta nyt ei tarvitse p√§√§si√§isen√§ menn√§ miehen sukulaisiin sy√∂m√§√§n kahtena p√§iv√§n√§, vaan saadaan olla kotona üòä
1245786259550765060	Hieno kuulla, ett√§ t√§m√§ onnistui n√§in nopeasti üëçüëçüëç
1246902337140150272	voikohan #koronavirus tarttua lintuihin ja sitten taas linnuista ihmisiin. ent√§ hyttyset kes√§ll√§?
1247619829546258439	@MarjoRein1 @sallahenriika Itse t√§n√§√§n cittarissa p√§rsk√§tin kunnolla (tokihiaan) en selitt√§nyt, ett√§ krooninen nuha/poskiontelo tulehdus..40-vuotta yskinyt. silti v√§h√§ h√§vetti.
1246122452591222787	Kolmas viikko kotona. Lakanat mankeloitu ja paidat silitetty. Mies (kaihoisasti): olisi mukava, jos n√§it√§ p√§√§sisi k√§ytt√§m√§√§n. #ihanamies #et√§ty√∂ #korona https://t.co/PUsQDsbzXv
1246760219721502720	Paranemisp√§iv√§kirja p√§iv√§ kolme leikkauksen j√§lkeen. Pient√§ s√§rky√§, kone kulkee kivuttomasti vy√∂ll√§ kuitenkin. Vatsa on kipe√§ ja ahdistus kasvaa, haluaisin jo olla kunnossa!
1250760595495936000	Lenkki satamaan, hirve√§ hiki tuli. Annoin matkalla yst√§v√§lle tietokoneneuvoja. https://t.co/DI1FpCRk0d
1246803847512764417	Ilmeisesti ei viel√§ ket√§√§n kotona, mutta odotellaan. üåøüå±üåû https://t.co/VgeDn2vJIO
1246429223247646723	pari vuotta sitten masennusoireita. Vaikuttaa sin√§ns√§ varmaan loogiselta p√§√§ttelyketjulta, mut... ei. Mulle se ei ainakaan ollut looginen - AS on ollut mulla aina, eik√§ se tuu koskaan menem√§√§n pois, ja useammin kuin en, tarvitsen sen kanssa apua. Masennusoireet taas ovat 4/?
1247777043665653760	T√§n√§√§n 70 vuotta. Viet√§n syntym√§p√§iv√§√§ni #ik√§karanteeni‚Äôssa pieness√§ perhepiiriss√§, yhdess√§ meill√§ asuvan miehen kanssa. Ei vastaanottoa.
1246887384324726784	Ja vasta-ainetestit ty√∂terveysvastaanotolle.
1248859593209503744	@melanderkata Sisarenasi kivussa tunnistan t√§m√§n. T√§m√§n vuoden alun elin v√§lilevynpullistuman takia tuskaisesta p√§iv√§st√§ toiseen ja tuntui kuin olisi tuomittu pime√§√§n kaivoon ikuisiksi ajoiksi. Sekin silti p√§√§ttyi ja kivun rauhoituttua aikakin asettui normaalimpiin uomiin. Jaksamista! ‚ù§üëç
1249677037553381378	Taitaa k√§yd√§ kalliiksi tuo maastopy√∂r√§n vuokraus p√§√§si√§iseksi. Karmee py√∂r√§kuume iski nyt. Nyt on pakko varmaankin ostaa t√§p√§ri itelleni. üò¨
1248559851866861568	@katmarmi Mulla on p√§invastainen tilanne. On ukkosp√§√§ns√§rky√§, j√§nnitysp√§√§ns√§rky√§, nestehukasta, kuumeesta, jostain s√§rkykohdasta, kuukautisista ja migreenist√§ johtuvaa p√§√§ns√§rky√§. Joskus se s√§rky viipyy p√§iv√§n, joskus muutaman viikon. Siihen p√§√§lle voi tulla tosin toinenkin.
1247126899408744449	Huh... Syyt√§ todellakin yski√§ ja aivastella vain nen√§liinaan tai sen puuttuessa hihaan. #koronavirus
