ID 	Annotation	Text
1248586390562131970	0	El√§m√§√§ p√§ivystysy√∂n j√§lkeen: Vedin sitten ketsupit salaatin p√§√§lle, kun ajatus oli osua makaronilaatikkoon. K√§yh√§n se n√§inkin. #koronavirus
1249663711977123840	0	T√§ss√§ #korona jutussa on monta huonoa puolta jos on hyv√§√§kin. Ei voi tilata pizzaa, ravintolat ovat kiinni. Vuorokausirytmi on aivan sekaisin. Tulee p√§iv√§t nukuttua ja sy√∂ty√§. Y√∂t taas valvottua elokuvia katsellen.
1248970268921528321	0	Oon viimeiset 3vko voinu ihan hyvin, mut nyt alko yht√§kkinen tuska: mit√§ tapahtuu sit ku #koronakriisi alkaa olla ohi, el√§m√§ asumisyksik√∂ss√§ palautuu ennalleen &amp; pit√§√§ alkaa suunnitelemaan sinne paluuta? Selvi√§nk√∂ kunnial vai tuleeko tuska taas seuraksi #masennus #yksinasuminen
1247020400577589250	0	Juha kertoo kuinka korona alkoi ahdistaa ‚Äì naapurissa oli ennen tuttu brunssipaikka, nyt siin√§ on ruumishuone: ‚ÄùSinne ne roudaa ihmisi√§‚Ä¶‚Äù https://t.co/90fo097k58
1245603265858830338	0	@JohannaKukka @herraportti @kajsundman Apua, luin ensin ett√§ nuolla...
1249624451379073024	0	Huomisen #finnair lento siis operoi #zurich Odotin viimeiseen asti peruutusta. Peruin nyt itse ‚úà ja siis k√§rsin peruutuskulut #pysykotona
1250046977078972418	0	Ajoinpa pitk√§st√§ aikaa autolla eik√§ tullu juuri ollenkaan niit√§ vanhoja ‚Äùpaniikkih√§iri√∂n‚Äù (en tii√§ oikeen mit√§ se on) oireita.
1247905995566743554	1	mulla on p√§√§ns√§rky varmaa jokapv
1247837513139523584	0	N√§m√§ oireet kieliv√§t TIA-kohtauksesta ja ovat painava syy hakeutua hoitoon ‚Äì joka kymmenes saa aivoinfarktin viikon kuluessa https://t.co/4u8IpDYv7c
1247990450914496514	0	APUA m√§ olin ihan jo tunkemas melatoniinin Zeldan kurkkuun ku piti antaa Inupekt forte üòÇüòÇ‚ò†Ô∏è‚ò†Ô∏è valppa pys√§ytti mut https://t.co/gVTL6ynYbZ
1247043315662491654	0	@jallu48 @ilkkavaan En ole asiantuntija mutta voisko johtua sellainen kuume siit√§, ettei elimist√∂ tajua hy√∂k√§t√§ tautia vastaan.
1246078863228223488	0	Ranskassa melkein kolmasosan #korona-tartunnan saaneista on kuollut.
1246733669135527936	0	@PakkalaHanna Kotona miss√§ nytkin asun
1246022280276312066	0	Pit√§isik√∂ my√∂s varoittaa viranomaisten holhouksesta. https://t.co/NBjJqtCCwR
1245778314607972355	0	Olen helpottunut, yst√§v√§ni piti aloittaa ty√∂t koronan takia perustetulla uudella osastolla, mutta osastolle ei ole tullutkaan potilaita ennustetusti ja t√§m√§ ty√∂m√§√§r√§ys on nyt peruttu. Teki mieli hyp√§t√§ halaamaan, mutta hillitsin itseni koska #korona.
1246755166893768705	1	@MaijaIsokorpi @HeidiJuopperi Mulla kurkkukipua, mulla on kurkku kipe√§. Nieleminen hankalaa. Tavallinen kurkkukipu. Eiks vaan? Ei mulla muuta
1245955179733757953	0	@miapetrakumpula @keronen_j @tiinakaho @lblumberg @MattiKahra @LiisaPietola @PiaBjorkbacka @LeilaKurki @vesavuorenkoski @kaisamirjam @kaisakosonen @Kari_Mokko @SariSiitonen @A_Ahokas @spietikainen @RistoMurto @PekkaLundmark Tsemppi√§ kaikille. Meill√§ 3. viikko Hollolassa kotona. Pit√§√§ ottaa ohjeet kirjaimellisesti!
1246540680119357443	0	@IT_Puuseppa Mulla iskee ihan normi flunssakin aina keuhkoihin. Alkaa flunssana, sit olenkin sairaalassa keuhkokuumeessa. Juurikaan en urheilemaan pysty en√§√§ vaikka aina tyk√§nnyt kun keuhkot tuntemattomasta syyst√§ menneet huonoon kuntoon. Ei kiva tilanne t√§√§ korona üòÖ
1250361857598197761	1	Vanha ja sairas #is√§ joutui sit #sairaalaan mut kun tilanne tuli niin eip√§ mietitytt√§nytk√§√§n en√§√§ #koronavirus vaan #hyv√§hoito ja sit√§ kyl saanut #akuutti24 #phhyky üôåüèªüè• #rankkojaaikoja üòìüôèüèª
1247531641532084224	1	Koitan olla reipas ja kokeilla pikku hiljaa kotona treenaamista..Kunto on ihan miinuksella et kauheesti ei alkuun pysty.. Kahtena p√§iv√§n√§ koittanu jotain teh√§ ja piru kun ei pysty k√§velee kunnolla.. Saati istua alas niinkun ennen tai nousta yl√∂s... #apua #sattuu #parhaaniyrit√§n
1247054385013800960	0	P√§√§ministeri Boris Johnson yh√§ sairaalassa: #Koronavirus ja korkea kuume #korona #koronakriisi #Britannia #politiikka https://t.co/dc3mdtlYDH
1250465365727076353	0	Tehokkaimmin levi√§√§ virus, joka j√§tt√§√§ osan kantajista oireettomiksi. HS Tiede. - Korona taitaa olla juuri sellainen virus. #korona
1246069101417517067	0	Jaa postaus ja auta ME-potilaita n√§kym√§√§n, kiitos. üôèüèª Moni ME-potilas on vuosien ajan nelj√§n sein√§n sis√§ll√§. Heid√§n tilanne ei muutu normaaliksi, kun #Korona on ohi. Auta jakamalla postausta ja tietoa kyseisest√§ vakavasta #ME -taudista. ‚Äù #v√§symysoireyhtym√§ ‚Äù
1246422423559385088	0	kiva ku ei oo mit√§√§ tekemist mun syntt√§reil ku kaikki pysyy kotona eik√§ paikat oo auki
1246708661000589312	0	Kiitos ihana Vilho ja muut junien yst√§v√§t üíö #yhteisell√§matkalla
1247115946533232640	0	Hei @THLorg miksi sivuillanne edelleen ohjeistetaan ett√§ t√∂ihin voi (koronan sairastanut) palata yhden oireettoman vuorokauden j√§lkeen, vaikka tiedet√§√§n, ett√§ koronan oireet usein aaltoilevat? Voi olla yksi oireeton vuorokausi, jota seuraa oireinen. #korona
1249801608315142144	0	@mattimolari Keuhkokuume voi olla my√∂s kuumeeton. Tai "sahaava" kuume. Toivon, ett√§ olet terve.
1245735451111100419	0	Voisitkohan osallistua vaikka lukiovuosistani on hieman aikaa ü§î #munoulu #etaeopiskelu #lukio #oulu
1247802425022377991	0	Hyv√§ ketju immuniteetista, jota ei ehk√§ tulekaan. #korona
1248954673924620289	0	@HKivimaki Toivotaan ett√§ olisi flunssa. Ei mik√§√§n mukava sek√§√§n, mutta luultavasti kuitenkin parempi kuin korona.
1248538176794304513	0	@SSiikanen En rynn√§nnyt testeihin, ty√∂skentelen hoitoalalla. Flunssa ilman mit√§√§n hysteriaa.
1245619865349574659	0	@TiinaMalkamaki Kiitos Tiina. üíï Kyll√§ me t√§m√§ kestet√§√§n. Ollaan vahvoja ja pyst√§√§n kotona. Pidet√§√§n toisistamme huolta ja ollaan onnellisia siit√§, ett√§ me olemme terveit√§. üíï
1247410483843534848	0	Hallitus ilmoitti t√§n√§√§n rajaliikenteen uusista rajoituksista, jotka koskevat my√∂s Suomen ja Viron v√§list√§ liikennett√§.
1246905575755190274	0	@Hellapoliisi d) kotona ty√∂kyvytt√∂myysel√§kkeell√§. Arki ei ole muuttunut muuten kuin ett√§ kuntoutukset nyt et√§n√§.
1247124256271499270	1	Kuumeessa. Oireet lievi√§, mutta v√§kisin hiipii pieni paranoia p√§√§lle. Kattellaan mihin suuntaan menee. Saa laittaa ketjuun kaikkia tyhmi√§ meemej√§ ja kuvia jotta piristyisin. Kiitos. ‚ù§Ô∏è
1248731339647586304	0	K√§vin kaverin kanssa ajelemassa hetken. Olipa mukavaa. Nyt taas jaksaa olla kotona.
1246082605155483648	0	V√§h√§n tais olla v√§symyst√§, p√§√§sin aikaisin kotiin, nukkunut pari tuntia. K√§nnykk√§ki oli kotona ty√∂p√§iv√§n odottamassa tyynyll√§ ja nyt se oli liimautunut poskeen kun her√§sin. Mit√§s nyt tekis? https://t.co/Y2Hi31kmR4
1247244496561029120	0	Britannian p√§√§ministeri on siirretty tehohoitoon. #koronavirus https://t.co/n9mbcvmI4W
1248001982716973061	0	Rupesin lukee pitk√§√§ Narnia-ficci√§ tarkotuksena saada mukavaa eskapismia fantasiasta, mut √§sken King Peter m√§√§r√§skin kaikki narnialaiset koteihinsa turvaan tuntematonta uhkaa ja Edmundille nousi kova kuume https://t.co/fYXesEq15B
1247424342377496576	0	@PolitiikkaTV Seh√§n t√§ss√§ viruksessa on ongelma, ett√§ keuhkokuume kehittyy hyvin nopeasti niin, ett√§ siihen ei pystyt√§ reagoimaan mitenk√§√§n. Potilas tulee sairaalaan, keuhkokuvat l√§hes puhtaat ja hengitys√§√§net hyv√§t. Vuorokausi t√§st√§ ja uusissa kuvissa havaitaan vakava levinnyt keuhkokuume.
1250842979855740928	0	Tehd√§√§n nyt miehen kanssa kahdessa vuorossa t√∂it√§, jotta saadaan pidetty√§ nuorin lapsi kotona. Ei siis n√§hd√§ viikolla, kuin parkkipaikalla, kun luovutan auton avaimet. Olen nyt valmistautunut yhdess√§oloon/viikonloppuun puhkomalla 10 ilmapalloa rikki, jotka l√∂ysin asunnosta.
1245813230137720832	0	@nurkupanda @EijaLonnrot Luulimme Murun kanssa olevamme jo aikamoisia konkareita t√§ss√§ kotoiluhommassa, mutta kyll√§ se k√§y hermoille ja vie mehut, kun koko konkkaronkka on kotona. Ja Nasua harmittaa. H√§nen piti t√§n√§√§n l√§hte√§ kulttuuri- ja futismatkalle Espanjaan.
1246407566785118208	0	@EmmaLammela Ajattelin m√∂k√∂tt√§√§ sis√§ll√§ kotona ihan vaan pirukseni ‚ò†üòÇ
1250085560372387840	0	Olen diagnosoinut itsell√§ni koronasumun. Se on sellainen jossa aivot on ollut liikak√§yt√∂ll√§ ja nyt ne ei en√§√§ tuota mit√§√§n j√§rkev√§√§. V√§h√§n kuin perjantaifiilis 24/7. Kohtalotovereita? #Korona
1246057139958960128	0	@kutrinet @JapePuntila @Ohra_aho Olen t√∂rm√§nnyt t√§llaiseen: Influenssakuolleisuus. 500. Noin 80% tammikuun j√§lkeen. Mist√§ tiedet√§√§n ett√§ influenssa? "vain pieni osuus varmennetaan" eli taudin oireilla menn√§√§n. Jaa, mit√§ ne oireet? Korkea kuume, p√§√§ns√§rky, lihaskivut. About samat kuin COVID.
1250142940233633797	1	@AnittaAhonen No voi‚ù§Ô∏èItse olen j√§nnitt√§nyt koko p√§√§si√§isen selvi√§√§k√∂ is√§ hengiss√§ kovasta kuumeesta ja pagoinvoinnista. On sairaalassa ollut, kun vihdoin kahden k√§ynnin j√§lkeen otettiin sis√§√§n. Karanteenissa ollut palvelutalossa jo viikkoja eik√§ p√§√§se katsomaan. T√§n√§√§n jo v√§h√§n parempi olo.
1249007648848121856	1	@Tomxaii oisin ollut kotona jo ajat sitten mutta nyt ei kannata menn√§ en√§√§ takas t√§n viruspaskan takia sill√§ kuulun riskiryhm√§√§n ja set√§ni joka asuu siell√§ kehotti ettei kannata tulla viel√§ kun ei testej√§k√§√§n tehd√§.
1247850296014966785	0	@eppe T√§ss√§ suositellaan kuumetta alentavan l√§√§kkeen k√§ytt√∂√§, kun l√§mp√∂tila yli 39,5Àö https://t.co/pGvBZAmDHv
1246004083191959552	1	Ollut jo 2 p√§iv√§√§ per√§kk√§in tosi kuumeinen olo, jaksamaton olo ja kylm√§. V√§h√§n kyl pelottaa √§idin puolesta, et se on tyyliin liev√§ #koronavirusfi... Todenn√§k√∂isesti on vain normi flunssa mut ei voi tiet√§√§ üòê
1247523780336840709	0	Huomenna lapselle tulee kaveri kyl√§√§n, 3 viikkoa sitten viimeksi n√§hneet, ennen kuin koulut meni kiinni. Fiilis on kuin olisi kaverisyntt√§rit tulossaü§óüôÜ #lapsi #et√§koulu #kaverit #ik√§v√§ #korona
1245652417783296001	0	IL: Remu Aaltonen karanteenissa ‚Äì ‚ÄùOlen himassa kuin partiopoika‚Äù https://t.co/R7tW0O99qB
1245680361604079616	0	Jaksamista n√§ihin pitkiin p√§iviin kotona! Haluaisin kirjoittaa jotain asiapitoista ja fiksua, mutta kun ei jaksa niin ei jaksa. https://t.co/sIbwjuqRII
1247646159746879490	1	@JanneSkyttar Massiivista p√§√§ns√§rky√§, korkea kuume, vaikeaa hengitt√§√§, ripulointia, oksentelua ja keuhkoissa tuntui olevan piikkilankaa, jonka vuoksi v√§ltellyt yskim√§st√§ vaikka yskitt√§isi. Flunssaa t√§m√§ tuskin on ollut.
1248242322640457728	0	@Hannimonninen Mukavaa p√§√§si√§ist√§, vaikka t√∂iden merkeiss√§ meneekin! Tuo on ik√§v√§√§ jos y√∂ menee kelloa katsellen, sitten on v√§synyt t√∂iss√§ :( Mulla k√§y joskus samaa jos her√§tys on poikkeuksellisen aikaisin. Mutta nyt menen sinne lenkille happea haukkaamaan üôÇ
1247937294524387328	0	@pia_helander @suunvuoksi Mulla olisi huomenna hammasl√§√§k√§ri Mehil√§isess√§. Uskaltaako n√§in√§ p√§ivin√§ menn√§? Onko kuinka riskialtista? Tietty kun hammas kipe√§ niin pakkohan se on menn√§...
1247495549772869632	0	Iskikin kyll√§ v√§litt√∂m√§sti PAC-MAN kuume https://t.co/7lGwqMxKwu
1248232547311632385	0	@IlkkaLehto @thlbr On n√§ihin linkkej√§ jos ja kun etsii. 1. sairastuminen sairaalakuntoon -&gt; testeill√§ todennettu parantuminen -&gt; useamman hyv√§n viikon j√§lkeen uudelleen 2. sairaalakuntoon. Ehk√§ tartuttanut koko ajan? Kumma virus.
1246901793369526272	0	Kymmenen p√§iv√§√§ positiivisen koronadiagnoosinsa j√§lkeen Boris Johnson on viety sairaalahoitoon, varotoimenpiteen√§. Oireet (mm. kuume) olleet odottamattoman sitkeit√§.
1246115798235611137	0	#poikkeustila pv√§ 18 T√§n√§√§n ollut kurkku v√§h√§sen kipe√§, mut ei muuten mit√§√§n oireita. Mentiin mets√§√§n Kitsun kanssa k√§velylle kun aurinko paistoi. Se piristi. Juuri sy√∂tiin pizzaa ja kohta decaf-kupponen k√§t√∂seen ja joku kirja auki. Ihan jees p√§iv√§ meill√§ siis! Miten teill√§? https://t.co/PYw5m1dvzD
1249373315665473536	0	Kaikkea se t√§m√§ kotona oleminen teett√§√§. Toissap√§iv√§n√§ tein mokkapaloja ja t√§n√§√§n leipasin leetaa. Jos t√§m√§ kauan jatkuu, niin pit√§√§ hommata jostain lis√§√§ pakastimia. ü§î https://t.co/nI88HFJEAX
1248640246364987394	1	@Mirppu Kivasta en tii√§, ku p√§√§ns√§rky ja kaikkee muuta tuli, ku k√§vin ulkona l√§hisaariston liepeill√§
1250258615304441859	0	Selk√§kipu paljastui sy√∂v√§ksi ‚Äì Norjan 39-vuotias m√§kilegenda kertoo pys√§ytt√§v√§n tarinansa: Janne Ahosen viesti ei unohdu https://t.co/CdlMi0fa7L
1250628220229222401	0	20 - vuotias opiskelijatytt√∂ eritt√§in pahassa pulassa, joten l√∂ytyisik√∂ pikaista apua? Minulle kelpaa kaikki. https://t.co/ZhZQX5Xwfh #paratiisi #seuraa #t√§n√§√§n #chat #chatseuraa #Outi https://t.co/2qZp8GTeHU
1246082471508262912	0	T√§m√§ on hyv√§ p√§iv√§....t√∂iss√§ kotzone ja kotona odotti subway....iltapalaksi voisi hesest√§ hakea jotain.
1248687020802793474	0	Levottomat jalat ja yksi puutunut varvas. Olenko liikkunut t√§n√§√§n liian v√§h√§n? Ihme oireita.
1250505595557498880	0	@ivanpuopolo En tied√§ haluatko oikaista, mutta faktat v√§h√§n nurin. Yhdell√§ positiivisella oireena kuumetta, muitakin oireita todettiin (kuva). 'Alkuper√§inen' ryhm√§ positiivisia oireellisia (15) j√§tetty pois. Oireettomia paljon, se on totta. Seurantaa oireiden kehittymisest√§ ei tehty. https://t.co/cRDyLhwzul
1248010593702797312	1	Noniin min√§ 2- corona 0. Viel√§ viimeinen er√§ ja kysymys oliko vai eik√∂. Ehk√§ t√§ss√§ taudissa oudointa oli kuplinta keuhkoissa. Ja pahinta kipu. Hengitys heikkeni osittain.
1249587041127497735	0	@emmimiu Eik√§ ihana kuulla üò≠üíï tuntuu ett√§ l√§hipiiriss√§ ei oo kauheesti ihmisi√§ kell√§ olis t√§√§ sama ongelma/kipu ja ett√§ k√§rsin t√§st√§ yksin mutta helpottavaa kuulla etten oo ainut kenen n√§nnit on t√§ll√§set ‚ò∫üôå
1249899610946056192	0	Rauhallinen kotona olo ja hyv√§ ruoka
1250722540697391104	1	@RossiTimo Ymm√§rr√§n, mutta soita kuitenkin ja kerro oireet uudestaan
1249603463643881472	0	P√§√§si√§isviikon #munmuuttunutarki: 1 Pysyin Suomessa (aiemmin Wien, Rooma, Adam...) 2 Pysyin kotona (aiemmin sukulointia) 3 Ei m√§mmi√§, jee! (aiemmin jossakin tarjolla) 4 Kaverimiitti parvekkeelta (aiemmin tavattiin ovella) 5 Pyysin Marttaa ompelemaan maskeja (aiemmin ei tarvetta)
1248180824819871745	0	Sain i√§tt√∂m√§n ja munattoman passin. P√§√§sin sill√§ Finskin koneella Pekingiin, mutta en ulos. Apua! Tuokaa mulle seuraavalla lennolla vanha passi ja n√§kkileip√§√§!
1248471458860261383	0	@soivaara Olen sit√§ mielt√§ ett√§ ne kofeiini vai oliko kodeiini tabletit voivat auttaa. Ostin niit√§ √§idilleni, h√§nen mielest√§√§n ne auttoivat ja ainakin ysk√§ loppui. Ei niihin tarvitse resepti√§. Jos ne eiv√§t auta niin antibiootti kuuria kannattaa sitten kokeilla. Tosin laboratoriossa kokeet!
1250784854402306050	1	@RanneVille Ensioireet olivat kuume ja lihass√§rky. Korona tuli heti mieleen, vaikka en tietysti ollut varma asiasta. Hengitysvaikeudet ja keuhkojen korvennus lis√§siv√§t ep√§ilyj√§.
1248881568967462912	0	Lauantai-iltana ravintolaan Oli tarkoitus l√§hte√§ juhlimaan. Mut sitten tulikin Korona Ja oltiin ihan vaan kotona. #mamba #COVID19FI
1245942222945746944	0	Miksi taas sanotaan televisio-apparaatissa, ett√§ HUSin koko testauskapasiteetti ei ole viel√§ k√§yt√∂ss√§ ja ett√§ jo liev√§oireisia testataan - vaikka samaan aikaan kuulen yst√§vilt√§, ett√§ kahden viikon korkea kuume kaikkine muine korona-oireineen ei ole riitt√§nyt testaukseen? #korona
1249980665124225025	0	Mun allergial√§√§kekin on jo uusittu oli tosi nopeeta mut tosiaan mulla tulee n√§it√§ oireita vaan ulkona niin voin odottaa yhen p√§iv√§n verran et k√§yn hakemassa
1248104273440919552	0	#AkuAnkka piristi t√§n√§ aamuna. #korona https://t.co/3YtpMIKarJ
1248142429540270080	1	Yritys otti yhteytt√§. Heid√§n avainty√∂ntekij√§n puolisolla on koronaan viittaavat oireet. Siksi ty√∂ntekij√§kin on karanteenissa. Yritys haluaisi testauttaa puolison, mutta Terveysyrityksen mukaan se ei ole mahdollista, koska @THLorg ohjeet. Karanteeni jatkuu ja yritys k√§rsii. 1/2
1246419196692570112	0	Andrei puhui lensusta. H√§n oli tullut evakkoon rajakarjalasta Suoj√§rvelt√§. Id√§n ihmiset tiesiv√§t, ett√§ lensu eli flunssa oli joskus paha. H√§nell√§ oli l√§√§kekaapissa vodka- tai koskenkorvapullo l√§√§kkeeksi. H√§n oli Tarinaharjun keuhkoparantolassa kerran.
1250866487566446593	0	ahdistaa huominen niin paljon vaikka oon toisaalta tosi ylpe√§ itest√§ni ja mun tekem√§st√§ esityksest√§
1246069728830869508	0	Vai olisiko (pahoinvointi) vain ett√§ sit√§ loppua keittoa ei olisikaan kannattanut sy√∂d√§? V√§symys? Idk man
1247092065227419649	1	Mehil√§isell√§ l√§√§k√§ri kuunteli keuhkot ja katsoi kurkun - ne OK. Labroina verikoe (jossa kaikki n√§k√∂j√§√§n viitearvoissa) ja korona, joka menee siis Koreaan testattavaksi. Saikku jatkuu 12.4. saakka (puuhailen toki hommia et√§n√§). √Ñsken l√§mp√∂ 37,2. Kohti lopullista voittoa ‚úåÔ∏è!
1246416561994452992	0	oon ollu t√§n√§√§ taas itku silm√§s ihan koko p√§iv√§n ku t√§√§ saatanan erist√§ytyminen ja kotona istuminen tuntuu niin vitun pahalta voisko t√§√§ kaikki olla vaan ohi jo
1250839107871408136	1	@kautoh @ArtoSelonen Puhumattakaan: + epidemia-alue + oireita (ei kuumetta) + kotikaranteeninkaltainen + ei PRC-testi√§ + (ei ainakaan viel√§) vasta-ainetesti√§ + veri kuitenkin kelpaa kiertoon #klronafi
1248501246903762944	0	KREISIPERJANTAI eli oon vaan kotona, kuten viimeisen kuukauden, ja sy√∂n antibiootteja. eik√§ ole edes mit√§√§n herkkua.
1246900281402630144	0	UK p√§√§ministeri Boris Johnsonin raskaana olevalla puolisolla Carrie Symondsilla on jo viikon ajan koronavirusoireita. #koronasuomi #Corona
1246346474851635200	0	@KallioMarketta Kiitos kysym√§st√§. Kuukausi kotona kaularangan tyr√§n vuoksi. Erist√§ytyminen ja verill√§ olevat k√§det muistuttavat ajasta jolloin infektiokierrelapsemme olivat pieni√§. T√§m√§kin menee aikanaan ohi. Kaipaan juoksua mets√§ss√§, avantoa, joogaa ja yst√§vi√§: vapautta ja terveytt√§. ‚ù§Ô∏è
1250725413971726338	0	@elamaonlaiffii @LeenaAitonurmi N√§m√§ on kyll√§ jatkuvia n√§m√§ oireet olleet pidemp√§√§n jo. Eik√∂s tuo TIA ollut ett√§ k√§v√§isee ja menee pois.
1247430499330674688	0	@1441seppo Huomenta! Krooninen migreeni diagnoosina, verenpaineet olleet aina kunnossa. Valo laukaisee itsell√§ t√§m√§n, toki monet muutkin asiat, mutta valo, v√§symys yms pahimmat tekij√§t.
1245743243284840449	0	Oon ollu koko p√§iv√§n koneella tekem√§s kouluteht√§vii ja voin sanoa ett√§ p√§√§- ja silm√§kipu alkaa jo huippaa
1249184707138539522	0	@hsfi Jollen tavoin apua
1246381028257804293	0	@RossiTimo @Jkankkunen Mulla on uni-apnea ja nuo oireet viittaa siihen. Mutta ei v√§ltt√§m√§tt√§. Moottoris√§nky on auttanut jonkin verran jo monta vuotta.
1246087006993682435	0	HUSin johto piti t√§n√§√§n videokonferenssia Shanghain terveysviraston kanssa. Kuulimme mm. kokemuksia Wuhanista sek√§ lapsipotilaiden hoidosta. T√§rke√§ tieto oli, ett√§ jotkut sairaalasta kotiutetut voivat tulla uudestaan viruspositiivisiksi eli heit√§kin pit√§√§ testata #covid19
1247082449751941124	0	Pitk√§st√§ aikaa hy√∂ty√§ monen vuoden saksan opinnoista, kun autan seiskaluokkalaista A2-saksassa. Koulun #et√§opetus on hyv√§√§, mutta kyll√§ oppiminen tukea arvitsee. Gemeinsam schaffen wir das! #kotikoulu #korona
1247827797990662146	0	How I Live Now osa 247. Kylpp√§riremontin (vesivahinko) ajaksi n. 2 kk l√∂ysin suihku/vessa/sauna-tukikohdan 5 min.k√§velyn p√§√§st√§. Muuten asun kotona. Pohjolan kotivak korvaa miinus omavastuu. Varmistin, ett√§ nykyinen vakuutus kattaa my√∂s sijaisasunnon - iloinen uutinen! ~(;^)~ https://t.co/4ViTGm7LVA
1246104864293257217	1	@MikkoPuhakainen Itsell√§ni pahat oireet alkoivat 8.3 kaverilla viikkoa aikaisemmin. Suomessa tauti alkoi levi√§m√§√§n kun ensimm√§iset hiihtolomalaiset palasivat etel√§ suomeen laskettelu reissuiltaan alppien suunilta
1247944316644974606	1	miten voi olla n√§in raihnainen ja krapulainen olo, lihaksia ja p√§√§t√§ s√§rkee. t√§√§ EI OLE NORMAALIA viisaudenhampaan poiston j√§lkeen. m√§ KUOLEN t√§h√§n. (kuumetta ei ole)
1250142815235051521	0	@ArtoHjelm @gynsy Meill√§ oli kotona meno t√§llaista 1kk sit. https://t.co/Lo98JGhdE0
1249389649270681601	0	THL:n ylil√§√§k√§ri sairasti koronan kuukausi sitten ‚Äì keuhkot toipuvat edelleen, vaikka oireiden kanssa p√§rj√§si kotona #msn #uutiset https://t.co/k2raIhA2vo
1249327372563812352	0	Ihana lukea teksti√§ jossa oltiin niin hyvin sanoitettu samat kelat jotka on omassa p√§√§ss√§ py√∂rinyt viime viikot. Huippu teksti! Asiat ei tosiaan oo niin yksioikoisia. L√§heisiss√§ mm. mt-ongelmainen, jolla j√§rkkyy mieli eristyksen takia, mik√§ pist√§√§ miettim√§√§n.
1246330663101509633	1	nelj√§tt√§ viikkoa jotain ihme r√§k√§√§ yl√§hengitysteiss√§, eik√§ hajua, onko flunssa, siitep√∂ly vai sitten t√§m√§ #korona. Toissailtana ysk√§isin kolmesti, eilen oli kesken p√§iv√§n ja pitkin iltaa vetel√§ olo, ontelot tukossa, ysk√§htelin muutamaan otteeseen. Ei kuumetta.
1246395165050318850	1	@lasleh @akihheikkinen J√§nn√§ tilanne kyll√§ konsanaan. Itse 21 p√§iv√§√§ nyt oireiden kanssa kotona ja avopuoliso 20 p√§iv√§√§ K√§vin testeiss√§ peijaksessa 11 p√§iv√§n kohdalla ( nega ) ja avokki 13 p√§iv√§n kohdalla ( nega ). Voin sanoa, ett√§ oirekuva hyvin mielenkiintoinen. Kuumetta ei ole, mutta kaikkea muuta https://t.co/nsIC6HoqLE
1246098398777933825	0	Koronatartunta mutta ei mit√§√§n oireita ‚Äì 26-vuotias uinnin maailmanmestari painotti faneilleen viruksesta yht√§ asiaa https://t.co/5pznjJiHav https://t.co/gFOHyZEPt4
1248608459140014081	0	T√§s vaihees kello alko olee siin asennos, et Heikki piti laskee jo p√§√§si√§isen viettoo ja me lopetettii testiajo, jota pojan polarin mukaan kertyi melkein 18km. Heiki lupas viel vaihtaa vaijerin uudestaa lauantain testiajoi varten. Kotona huomasin, et #gopro'n kans oli ollu my√∂s
1249031017211494401	0	oon sillai sairas ihminen ett√§ tein kotona cinnaboneja üò¨ https://t.co/Gu9jXfsNO1
1247056768561287169	0	Yle: Pohjanmaan poliisi huolestui nuorten uudesta tempauksesta ‚Äì pyyt√§√§ vanhemmilta apua https://t.co/kGQWZt6Qcq
1248241704794275840	0	Hyv√§√§ p√§√§si√§ist√§ ja pysyt√§√§n kotona ja tervein√§. üê∞üê£üòò https://t.co/K1BSXsNTHG
1245709417238142982	0	Terveiset et√§kotity√∂koulusta. #koskat√§√§loppuu #ep√§toivo #korona https://t.co/VhFeYw5aY1
1247451606091784192	0	30 vuotta sitten minulla keuhkokuume, jonka vuoksi Meilahden teho-osastolla. Siell√§ ilmeni my√∂s aivoinfarkti, verenmyrkytys, aivokalvontulehdus ja mitraalil√§p√§n repeytyminen. Silloin nuorena miehen√§ selvisin kombinaatioiden j√§lkeen. Nyt olisin heikompi. https://t.co/Ld6Ov4p3WH
1246312456324087808	1	@ivanpuopolo Mulla ja ty√∂kaverilla ‚Äî toimimme varhaiskasvatuksessa ‚Äî oli ja on melko perusteltu koronaep√§ily. Samat oireet jatkuneet reilut kaksi viikkoa. Ei MIT√Ñ√ÑN toivoa testiin p√§√§syst√§.
1248587789395996672	0	Suuri kiitos Teille!
1247621825464537088	0	Terveiset iltalenkilt√§. Olipa se kirkas tuo kuu. #Reisj√§rvi Tiell√§ n√§kyy kuun valon tekem√§ koiran varjo. #Muru Mietittiin mik√§ on serkkuni Petrin, #RIP, uusi, t√§n√§√§n syttynyt t√§hti. #COVID19 https://t.co/yBFmHyPVOA
1246090961823940609	1	@tanjakait P√§√§ns√§rky√§, silm√§ntakakipua, lihaskipua, kuumetta, v√§ristyksi√§ ja voimattomuutta. Haistan v√§h√§n heikommin. Muuten en niin koronaa ep√§ilis, mutta mulla on kuume noussut viimeks lapsena. Ei oo siis testattu koska kuitenki p√§rj√§√§n viel√§ hyvin yksin kotona.
1249819122520788992	0	Hei @petterij k√§vin just takaovella, vet√§m√§ss√§ kunnon sauhut, takaan ettei kysymyksess√§ ollut laittomia instrumentteja, onko t√§m√§ mielisairaus teid√§n mielest√§nne vakavaa ja miten sit√§ pit√§isi teid√§n mielest√§nne hoitaa? https://t.co/evreljcQBG
1246540290627751936	0	@JuhaniKnuuti Oikeastaan en tarvitsisi joka p√§iv√§ maskia. T√§ll√§ viikolla olen ollut ti-pe pelk√§st√§√§n kotona sis√§ll√§. Lauantaina k√§vin kaupassa ja ulkoilemassa.
1250072328794497024	0	Hyvi√§ uutisia! Presidenttipari toipumassa ‚Äì Marko Ahtisaari v√§litti huojentavan tiedon Twitteriss√§: ‚ÄùVanhempieni viimeisimm√§t koronavirusn√§ytteet on todettu negatiivisiksi‚Äù https://t.co/Biu900XAy2 #korona #presidenttimarttiahtisaari
1246177415975575552	1	Nyt ei karhunpoika sairasta, vaan karhunpoika üêª ja kettukaunokainen ü¶ä hoitaa sairastavaa Mamia ‚ù§Ô∏è Kolme p√§iv√§√§ ollut pient√§ kuumetta, kurkkukipua, ysk√§√§, nuhaa, p√§√§ns√§rky√§, v√§symyst√§ ... P√§iv√§t menneet s√§ngyn‚Ä¶ https://t.co/YnHbcR6eGE
1245974851707449344	1	Mit√§ tehd√§ karanteenissa? (El√§myslahjojen vinkit) https://t.co/0yl6kKrHRG https://t.co/QLoKB32p37
1246461003459592198	0	@JenniRuohomaki Olen kyll√§ huomannut itsess√§ni hieman samankaltaisia oireita, mutta ei niin paljoa ett√§ ne olisi viel√§ huolestuttavia üôàüòÅ
1247994570526375938	0	@ainoataan multa leikattii pari vuotta sitte ja paras p√§√§t√∂s ikin√§! mulla oli l√§hes nonstop tulehdus aiemmin ja oli kyl mahtavin fiilis sit ku parani üò≠ meni pari pv ku ei pystyny paljoo avaa suuta mutta kipul√§√§kkeet tepsi ja toipumine meni tosi mukavasti ja nopeesti!
1250774258613129218	1	@PirtaHotulainen @lettipitko @lasleh T√§yslistaus viimeiselt√§ 34 p√§iv√§lt√§ ohessa. Edelleen avopuolison kanssa kotieristyksiss√§ kun oireita molemmilla. Tuntuu, ett√§ tauti menee on / off tilaan. https://t.co/PG2MwHB0GZ
1246745145036374016	1	@MarinSanna @millaryt Ei ole testattu vaikka on oireita. 14 vrk antibiootteja takana ilman vastetta ja eiku takas t√∂ihin üëç
1247078189341585409	0	@koskela77 @PulmuM @MaipuMaire @IrmeliKaija @RaijaPajula @SimoTaimi @maija_ku @TiinaAiraksinen @Nuosku @MakisenPaivi @kolmetoivetta Onneksi en ole eik√§ ole ollut oireita ainakaan t√§h√§n menness√§. Olen noudattanut s√§√§nt√∂j√§, olen kotona 10. maaliskuuta l√§htien. #Stay_safeüè°
1246770065019723779	0	@SannaHellstrom Sairastettiin kuukausi takaperin koko perhe sikainfluenssa. L√§hes viikko oltiin yli 38 kuumeessa ja pari viikkoa sen j√§lkeenkin viel√§ keuhkoissa tuntui. Jos t√§√§ korona on v√§h√§nk√§√§n pahempi tauti, niin ei kiitos mulle.
1247761672728481796	0	Pullakahvit ovat kiva piristys p√§iv√§√§n! üëç
1246673931714596864	1	@Lahtimonkey84 Parissa p√§iv√§ss√§ oli ohi pikku nuha. Join panadol hottia ja autto heti. Siis samantien.
1247141165394264064	0	Onks jollain muulla sellainen olo, ett√§ pikku hiljaa oma paniikintunne tasaantuu, koronatartunnan uhka tuntuu pienemm√§lt√§ ja tekee mieli alkaa aktiivisesti poistua kotoa? Apua. Onko normaalia? Miten toimin? Kenelle voi soittaa? ü§îü§Øüò∞
1249598430273568768	0	@Dimmu141 Kaksi kuukautta jo lepp√§oireita, mulla alkaa kun Baltiassa kukkii.
1246849560783261698	1	@m4rkusr @SaPakarinen Pit√§√§ muistaa my√∂s viruksen eritt√§ytyminen limakalvoille. Virus voi olla keuhkoissa mutta ei limakalvoilla. Yhden negatiivisen antaneena jo... T√§n√§√§ toinen n√§yte. P√§iv√§ 22 oireiden kanssa.
1245671084587966465	0	@NaveriMatti @ilnorr K√§vin taannoin keuhkokuvauksissa ja spirometriassa. Liittyen muuhun. Keuhkot on n√§tit #r√∂ngenhoitajaltakuultua
1247384809325944832	1	@400Megawatts @VanhanenReetta T√§t√§ pit√§isi rummuttaa, ett√§ negatiivinen testitulos oireiden kanssa ei v√§ltt√§m√§tt√§ ole oikea lopputulos. Min√§ ja avopuoliso ollaan nyt oltu 24 p√§iv√§√§ oireiden jotka kuvassa kotona ja sunnuntaina annettu uudet n√§ytteet, koska oireet jatkuvat. Ekat oli negatiivisia... üò∂ https://t.co/QieUgo1ANI
1247202531173859329	0	Huh, mik√§ p√§√§ns√§rky oli. Johtui kofeiinin puutteesta, meni onneks ohi isolla latte-kokoisella kupilla tuota Pauligin Islannin ihmett√§ ‚òïÔ∏è Viel√§ yks kuppi ihan vaan mukavuuden vuoks mmm. Sitten ty√∂t koronaosastolla kutsuvatkin taas üò∑üíâüå°ü¶†ü©∫üíä
1250819731805831168	1	@kristiinainen Mun s√§rky asettui fortella, kokiksella ja puolikkaalla lis√§annoksella verenpainel√§√§kett√§. Silm√§t viel√§ omituiset, muuten jees.
1246720009306550274	0	Levitin kananpaskaa marjapuskiin. Lapset ihmetteliv√§t lepp√§kerttua. Opetin aiheeseen liittyv√§n runon. Lepp√§kerttu kiipesi 4-vuotiaan sormenp√§√§h√§n ja lensi pois. Lemmikin menetys itketti poikaa. Pestiin auto yhdess√§. Kuivui kyyneleetkin. #sunnuntai #koronasuomi
1246512020628869121	0	Kiitos kysym√§st√§ @ToivanenAliisa! El√§m√§ yksin kotona on henkisesti mulle aika rankkaa, mutta p√§iv√§ kerrallaan t√§st√§ selvit√§√§n. Onneksi on paljon palapelej√§! Mit√§ sulle kuuluu @mikkoaarnio? üòä https://t.co/HKVuuNMY20
1248231425767354369	0	@riikka_kevo @thlbr Ok. Uudelleensairastuneet kyll√§ uusi juttu minulle! Olisiko jotain linkki√§? Vai tarkoitatko niit√§, joilla muutama viikko "parantumisen" j√§lkeen otettu 2. testi n√§ytti viel√§ positiivista? N√§ihin olen kyll√§ perehtynyt (oireet helpottaneet mutta eiv√§t viel√§ t√§ysin parantuneita).
1246363102016344064	0	@RossiTimo @numskis Uniapnean kanssa ei ole leikkimist√§. Vaikuttaa koko √§ij√§√§n. V√§synyt olo koko ajan, ei jaksa tehd√§ mit√§√§n, ei edes niit√§ "pakollisia". Nukahtelua, p√§√§ns√§rky√§ jne. Ja onhan se vienyt joiltakin jopa hengen.
1247451998095650816	0	30 vuotta sitten minulla keuhkokuume, jonka vuoksi Meilahden teho-osastolla. Siell√§ ilmeni my√∂s aivoinfarkti, verenmyrkytys, aivokalvontulehdus ja mitraalil√§p√§n repeytyminen. Silloin nuorena miehen√§ selvisin ongelmien j√§lkeen. Nyt olisin heikompi. https://t.co/Ld6Ov4p3WH
1247432742121418752	0	@PipsaAro Ihan ok. Huomenna taas t√∂ihin, toki sellaiseen autoon joka on keskell√§ aluetta ja jota k√§ytet√§√§n alueellisesti paikkaamaan tyhji√∂t√§ v√§h√§n joka suuntaan. T√§n√§√§n lasten kanssa kotona. Huomenna ja ylihuomenna sitten lapset ensimm√§ist√§ kertaa reiluun kolmeen viikkoon p√§iv√§kotiin.
1246119894929866754	0	@PipsaAro Todellakin. Aika menee todella nopeasti. Me ollaan oltu kotona yli 3 viikkoa ja mennyt kyll√§ tosi nopsaan.
1246710093753790465	0	@niksii86 A+ ja A:lla osoittautunut kovimmat oireet. Nyt ei lotto osunut kohdalle.
1248170616693407745	0	2 tuntia kulunut.
1246335432985653251	0	Yst√§v√§ni, joka palasi viikko sitten Aasiasta kotiin, ihmetteli lepsua meininki√§ Helsinki-Vantaalla. Kukaan ei edes mitannut kuumetta, mik√§ oli kuulemma rutiinitoimenpide jokaisella lentokent√§ll√§ ja hotellissa Aasiassa. #HUS https://t.co/hde5qtcnZP
1245565841464348673	0	‚Äùit seems there is no abrupt virus elimination at the time of seroconversion. Rather, seroconversion early in week 2 coincides with a slow but steady decline of sputum viral load‚Äù Vasta-ainetestien toivotaan tukevan paluuta t√∂ihin ja normaaliin arkeen. Kysymykseni: milloin? ü§î
1251081285235281922	0	@THLorg Mit√§ tehd√§√§n potilaille, joilla hyvin selv√§t COVID-19 oireet mutta PCR-testi antaa negatiivisen tuloksen?
1249661932447072257	0	@ttaivainen En haluaisi altistaa itse√§ni virukselle, siksi tilasin. #karanteeni
1245589936016773120	0	Olin Musiikkitalossa Naistenp√§iv√§n konsertissa 8.3. Hieno konsertti se oli, paljon halauksia. #korona
1245713877335146496	0	Pizza ja pullap√§iv√§! #pizza #pulla #korona
1248275895330144258	1	M√§ olen nyt sit yhten√§ numerona tilastossa. Kaksi viikkoa ollut kipe√§n√§. Oireet: Kuume(37-39), ysk√§√§, maku-ja hajuaisti kokonaan pois, p√§√§ns√§rky, veto pois. Nyt olo on parempi ja toivotaan et oireet ohi menossa... #koronafi #COVID19FI https://t.co/rXc8QDvjZw
1248296176161640448	0	Huomenna alkaa p√§√§si√§inen eik√§ minulla ole viel√§ yht√§k√§√§n suklaamunaa! #apua #v√§√§rinvarauduttu https://t.co/22IaH3pJng
1247254608596152320	0	@Liljavirta @marttatervonen Mulla on ollut jo 3 kertaa. Ehk√§ sekin auttaa ett√§ oon muutoinkin tottunut k√§ytt√§m√§√§n paljon et√§yhteyksi√§. Ehk√§ eniten tosiaan h√§iritsee se ett√§ lapset on kotona.
1245963696419078151	0	T√§n√§√§n on ensimm√§inen et√§tenttip√§iv√§. Kotona 2v ja 6v muksujen kanssa. Suoritusaika tottakai ajastettu keskelle p√§iv√§√§. üôÇ#korona #et√§yliopisto
1246323443429228545	1	@tommiparkkonen T√§ytin omaolossa testin jo yli viikko sitten, kertoivat, ett√§ koronaep√§ily, l√§√§k√§ri soittaa 30 min kuluessa. Ei ole viel√§ soittanut. Oli pakko omatoimisesti j√§√§√§d√§ t√∂ist√§ pois, kun niin kova kuume ym.
1250828089766051842	0	Aloitin keskustelun eilen illalla kotona sanoilla arvaa kuule mit√§. Lopetin homman siihen. Olin kysynyt kissalta. Ett√§ t√§ll√§ist√§ korona-arkea. üò¨üòÄ
1250736744099651584	0	@SatuMaria5 Mutta ent√§s jos oon yksin kotona? Vaimo tulee himaan vasta iltasella.
1247407765431205896	0	M√§ oon lomalla. En lomap√§ivi√§ t√§h√§n halunnut mutta ty√∂nantaja m√§√§r√§si. Muut t√∂iss√§ ja koulussa. K√§y se n√§inkin . Hyv√§√§ lomaa mulle! #huomenta #koronafi
1248250659608158214	0	Mist√§ johtuu, ett√§ kaupassa k√§ydess√§ alkaa v√§litt√∂m√§sti kutittaa nen√§√§? #koronasuomi
1250844910208638980	0	Lukiolaiselle #et√§koulu n√§ytt√§√§ sopivan loistavasti. Numerot nousseet ja motivaatio erinomainen. Sanoo, ett√§ oppii paremmin kun saa aikatauluttaa p√§iv√§n itse. Saako t√§t√§ jatkaa syksyll√§kin? #lukio #koronafi
1248682203325874179	1	@OutiMia @SuomenEduskunta @KristaKiuru @akpekonen Kiitos. Olisi pit√§nyt menn√§ sairaalaan, mutta ei en√§√§ tajunnut. Hirve√§ kuume ja hallusinaatiot
1246844751036497920	0	Paikallislehdess√§ haastattelu et√§opetusfiiliksist√§ni, tosin pienen maksumuurin takana: https://t.co/FGdve8xiOc
1246482684240691202	1	@Raitziger Mullakin on t√§m√§n 2,5 viikon aikana tullut erikoisia hyvin mietoja oireita. Jonkin p√∂p√∂n sain.
1246003047920271362	0	Kirkon v√§ki k√§y p√§√§si√§iseen sovittelun kautta
1247204963832475653	1	@yletiede Itsell√§ni on nuhaa, ysk√§√§, ep√§m√§√§r√§ist√§ lihaskipua, p√§√§ns√§rky√§, painon tunnetta keuhkoissa ja v√§symyst√§. Ensik√§ynti l√§√§k√§rin vastaanotolla:Kausiflunssaa. Toinenk√§ynti: Pysy kaukana minusta mene k√§yt√§v√§√§n,hoitaja hakee sinut.....
1250927056537485312	1	@LindaPelkonen Itsell√§ni oli aivan sama tilanne: yli 3 viikkoa eestaas sahaavaa flunssaa, jonka oireet sopivat koronaan, mutta sek√§ vasta-ainetesti ett√§ koronatesti olivat negatiiviset. H√§mm√§styin kyll√§.
1246071694680342528	0	@kirsi_puustelli Kuulostaa hyv√§lt√§! Juuri √§sken puhuttiin ruokap√∂yd√§ss√§ n√§ist√§ tuntemuksista, joita pitk√§ kotona oleminen ja ty√∂skentely aiheuttaa.
1248248391219343362	0	T√§m√§ oli hieno!
1247533032141017089	0	Korona-testi on negatiivinen!üòÄ ü§∏üíÉüì£üéµüéµüéàüéä Joudun silti olee TYKSis ainaki huomiseen, koska tulehdusarvot huitelee pilviss√§. Kaikki varjoaine-, tietokonetomografia-, keuhkokuvaus- ym. testit on otettu ja 30 putkiloo ja purnukkaa verta. Kai t√§√§ on joku myyr√§kuume?
1247433168808022016	0	Minulla oli viime vuonna Balilla niin j√§rkytt√§v√§ flunssa, ettei ole ollut koskaan aikaisemmin. Lieneek√∂ ollut korona? Testatkaa minutkin #thl #korona
1246092802645200901	1	@NeraBec Joo t√§√§ sivu onkin tiedossa! Ja soitan sinne koronaneuvontaan jos n√§ytt√§√§ silt√§ ett√§ oireet pahenee. Kiitos!
1247853237534949377	0	T√§ss√§ tarinani kuinka sairastuin ME-tautiin. ‚Äù #v√§symysoireyhtym√§ ‚Äù
1247252357014003712	0	@HMFlorestan @Huovinen_J @marttatervonen V√§symys on paskaa. Etenki ku en ottanu t√§n√§ iltana unipilleri√§, joten nyt varmaan valvon y√∂n üò©
1247561347304390662	1	@meganesatan onnee!!,, ittell√§ tutkittiin ja kaikki oireet mut ei viel√§ dgt√§ koska olin liev√§ oireinen kun tutkittiin skskks
1246549903133814784	0	......oonko vissiin niin paljon villasukat koivissa kotona, et Didi ei tunnista mun varpaita?? Suihkun j√§lkeen j√§tin jalat sukattomiksi ja istahdin sohvalle, ni eik√∂s kohta Didi tullu huitoo mun varpaita kuin jtn outoa ja pelottavaa. üòÇ Kissat....
1250677123821551618	0	Autoni sai viikonloppuna alleen kes√§renkaat. Onneksi t√§n√§ aamuna t√§h√§n ty√∂p√∂yd√§n √§√§reen pystyi liukastelemaan ihan vain villasukissa. #et√§ty√∂ #korona
1247974957017071617	0	@Voltan80 T√§mm√∂ttiist meid√§n perheell√§ ollu viimeiset 2,5v. Paitsi et nyt ei oo ihmisi√§ miss√§√§n. Meill√§ oli esikoisella leukemia tossa niin ollaan oltu enemm√§n tai v√§hemm√§n kotona eristyksess√§. Mutta nyt kaikki hyvin ‚ù§Ô∏è
1250814329303285760	0	Iskik√∂ jo kurkkum√§t√§? Nuha? Hammaskiille?
1245327845850853376	1	On tuo tauti yks perkele. V√§ltt√§k√§√§ sit√§ viimeiseen asti. Kiitos t√§st√§ @JuhanaBrotherus. H√§ist√§ saatu koronatartunta vei Juhanan, 33, ambulanssilla sairaalaan ‚Äì kertoo nyt yksityiskohtaisesti sairaudesta ja toipumisesta | Iltalehti https://t.co/Bsv2SGemKm #koronafi
1250730350101377026	0	T√§n√§√§n kotikeitti√∂ss√§ tarjolla lounaaksi makkarakeittoa ja ruisleip√§√§. Varsin onnistunut keitos, sill√§ my√∂s lapset s√∂iv√§t t√§t√§ innolla. #COVID19 #kotiruoka https://t.co/p2ZhVhJuG1
1247458921536794625	0	@sarasalomaa Olen kuuden viimeisen vuoden aikana l√§pik√§ynyt kolmet yt:t. Eilen sain tekstarin, jossa toivotettiin tervetulleeksi keskustelemaan ty√∂sopimukseni osa-aikaistamisesta. Uupunut olo l√§pikotaisin.
1247148478658158593	0	Nyt.fi-kolumni | Temptation Island Suomi on karanteeni-pakkomielteeni https://t.co/lndEysmFVh
1246464376573513730	0	@TuomoLamponen @sarasalomaa @AnnukkaMeronen @pekkasauri @MasaSaarnela @suviauvi @_juss1 Hienoa kuulla ett√§ sinulla, ja on muitakin joiden masennus on t√§m√§n korona-tilanteen takia helpottunut üåº Todella positiivista kuulla kaiken negatiivisuuden keskell√§. Itsell√§ valitettavasti kaksisuuntainen depressio ja ahdistus pahenee p√§iv√§ p√§iv√§lt√§ üò•
1248614533989457921	0	Kyll√§ t√§m√§ t√§st√§. #karanteeni https://t.co/euTQF8PZLt
1248006420756172800	0	kyll√§ voin sanoo olevani katkera. yli puoli vuotta ilman masennuksen oireita ja nyt t√§√§ k*rona vie taas kaiken ja sairastun uudestaan. oon niin vihanen ja v√§synyt
1245692218184261634	0	@sabrinakaleva Makeanhimo on selv√§sti lis√§√§ntynyt t√§n koronakriisin my√∂t√§. Vaikka sy√∂n kunnon ruokaa ja kittaan vett√§. Ja liikun. Ei mit√§√§n apua.
1248180481893511169	0	@UltsiP M√§ oon sit√§ ihmistyyppi√§, joka pitk√§√§n laiskoteltuaan nousee vihdoin sohvalta ryhty√§kseen t√∂ihin/siivoamaan/kokkaamaan huokaisten toteaa √§√§neen, ett√§: "Jaahas!". Nyt varsinkin 4 viikkoa yksin kotona vietetty√§ni t√§m√§ on p√§ivitt√§ist√§.
1245761155907440642	0	Juuri kun sain toisen kivun pois, niin ei kun toinen tilalle. Virtsarakossa painemainen kipu, tuntuu sel√§ss√§ asti. Ei kai hyv√§nlaatuinen kasvain ole muuttunut sy√∂v√§ksi. üò¢ @annelitiainen1 @MaipuMaire @minlaulai @maija_ku @PulmuM @TiinaAiraksinen
1247134469649301504	0	Infektioylil√§√§k√§ri: Lapin matkailun kausity√∂l√§inen, mene koronatestiin jos sinulla on oireita https://t.co/ZV1aD2XavZ
1246436283808972807	0	Otettiin t√§mm√∂inen helppo ...3 tuntia mennyt ja tuntuu ettei mit√§√§n edistyst√§ ... tausta musiikista vastaa Spotify ja Rita Wilson's Quarantunes lista üé∂üòÄ #physicaldistancing #ollaankotona #westayathome #korona‚Ä¶ https://t.co/zLveuLcmdq
1248230300506865668	0	P√§iv√§t kuluu kotona
1247883666027495425	1	Taas tuli muistutus, kuinka moneen asiaan l√§heisriippuvaisuus voi vaikuttaa. Keuhkot oireili ja omaolo suositteli vahvasti soittamaan p√§ivystykseen. Mietin aluksi jonku 20 min, ett√§ enh√§n m√§√§ kehtaa ku mun hoito on sit pois muilta (eli enemm√§n tarvitsevilta). Lopulta soitin. 1/x
1245949869602242561	0	Miettik√§√§, kuinka mahtavalta normaali arki tuntuu, t√§m√§n kaiken j√§lkeen. #COVID2019 #korona
1247177000974004226	0	Kysyin vakuutusyhti√∂lt√§, kattaako matkavakuutus Koronan takia peruuntuneen matkan. Ei kuulemma kata, koska kattaa vain sairastumisesta aiheutuneen peruuntumisen. Eli v√§ltt√§m√§ll√§ koronaa en saa palautusta, mutta jos saan Koronan niin saan... #Korona #mit√§vittua
1247855325392310272	0	V√§hint√§√§n 2-3 viikkoa nyt sitten n√§in. Valmiiksi kipe√§ olkap√§√§ inhoaa n√§it√§. Onneksi kotoa ei tule l√§hdetty√§ juuri minnek√§√§n. https://t.co/CpZZj0j7Ns https://t.co/dVph9Vpcc0
1247925039346974720	1	@soalmila Toivottavasti Buranan keksij√§ sai Nobelin tai jotain. Aika iso ero on ennen ja j√§lkeen. Onneksi taisi olla vain iso t√§rsky, joka pit√§isi alkaa parantua muutamassa p√§iv√§ss√§.
1250092835971440642	0	Tilasin juuri kotimaiset Tamsilkin puuvillaiset suojamaskit. #koronavirus
1248195823072088064	0	Oli tarkoitus py√∂r√§ill√§ Villa Elfvikin luontotalolle, mutta 700 m ennen m√§√§r√§np√§√§t√§ k√§√§nnyin takaisin. Edess√§ oli hurja ty√∂maa. Nyt on hiekkaa hampaissa ja tomua keuhkoissa ja nen√§ss√§. Ja sormet j√§√§ss√§. Unohdin hanskat. Olikin tosi kylm√§ tuuli. Nyt saunaan. #AnnenEl√§m√§√§ https://t.co/4Fkc5UjMnc
1249811877431054338	1	@VisualRAMA @Hellapoliisi Kortisoni saattaa pahentaa jos covid19 sanoi l√§√§k√§ri. Siksi keskeytin kortisonin. L√§√§kitsin duactilla. Auttoi kun oli p√§√§ll√§ mutta oireet palasivat heti kun lopetin
1250821374190530565	0	T√§n√§√§n k√§yty psykiatrilla toisen kerran, h√§n laittoi nyt B-lausunnon Kelaan. Sormet ristiss√§ ett√§ puoltaisivat mun terapiaa. ü§û Huomenna toinen videovastaanotto terapeutin kanssa. Kyll√§ m√§ viel√§ saan itseni l√§j√§√§n. üò§üí™ #mielenterveys #ahdistus
1247810630771519489	0	T√§n√§√§n taas uskaltauduttava ihmisten ilmoille. Kauppalista on jo valmiina ja reitti suunniteltuna. Suojapuku odottaa eteisess√§. #koronafi
1247948908594114561	0	Kiitos #korona'n, oon t√§n episodin j√§lkeen varmaan parhaassa juoksukunnossa ikin√§, kun lenkki on t√∂iden lis√§ksi ainoo asia, jonka vuoks l√§htee pois kotoa. Muita samassa veneess√§? üòÖ
1246049298971873280	0	@TomimPAAN @inkkari Kyll√§, mutta sairaalahoitoon joutuneiden parantuminen kest√§√§ keskim√§√§rin 24,7(!) p√§iv√§√§. Tauti vaikuttaa kest√§v√§n kotona pysyvill√§kin pitk√§√§n ja oireet/niiden voimakkuus vaihtelee.
1245997466517942273	0	Pystyyk√∂ lounasseteleit√§ k√§ytt√§m√§√§n mitenk√§√§n, kun tilaa ruokaa kotiin? Woltin kautta ei ainakaan, mutta onnistuuko mitenk√§√§n? #karanteeni #koronafi
1245776187802169344	0	Kaksi viikkoa et√§t√∂it√§ takana, taas ihan j√§√§t√§v√§ uupumus p√§√§ll√§ ja koko ajan sit√§ vaan jaksaa syyllist√§√§ itse√§√§n kaikista niist√§ ty√∂hommista, joita ei t√§n√§√§n(k√§√§n) jaksanut/ehtinyt tehd√§. /)-_-(\
1247219978618703873	1	P√§iv√§kodissa kaksi koronatapausta. Hoitajat olivat kuulema (lapsen √§iti haki) vihaisia, kun eiv√§t saaneet/pystyneet kertoa enemp√§√§. Meille ei edes kerrottu, onko p√§iv√§koti huomenna auki. Vaikka ei sen v√§li√§. Ennen ku saadaan lis√§tietoa, lapsi pysyy kotona. #vuosaari #koronafi
1248134614058708994	0	@Ellahhelena Okei, toivotaan ett√§ kuume ei palaa huomisaamuna. Mutta kiva kuulla, ett√§ ihan kelvollinen vointi!
1246873007076904962	1	Koko p√§iv√§n koskenu p√§√§h√§n ja keuhkoihin. Lis√§ksi silm√§t ja nen√§ ihan "tulessa". Just ja just jaksaa olla 30min pystyss√§ ja sit taas √§kki√§ kylelleen. Ei kuumetta. #Vittu
1247827330262851585	0	Hammasl√§√§k√§rist√§ tuli t√§n√§√§n postia, ett√§ mun toissap√§iv√§inen aika on peruttu. Onpa helkkarin hyv√§, ett√§ itse soitin sinne loppuviikosta kun ep√§ilin, ett√§ on kiireett√∂m√§n√§ siirretty. V√§h√§n outoa, ettei tietoa tullut tekstiviestitse. Kalasatama teki niin. #koronafi #el√§m√§live ü¶∑
1247199372024188934	0	@Jonsester Voi ei! Pid√§ itsest√§si huoli. Toivottavasti oireet helpottaa nopeasti ja trancen kuuntelu sek√§ animen katselu tekee olon paremmaksi! üå∫
1246404691275235328	0	Lienee aika paljon todenn√§k√∂isemp√§√§, ett√§ korona onkin alkergiaa, eik√§ allergia koronaa. Siis jos on oltu 3 viikkoa kotona kahdestaan, l√§hinaapuri kilometrin p√§√§ss√§. Ai niin, k√§vin kyll√§ kerran kaupassa ü§î.
1250735520814116864	0	@kautoh @PirtaHotulainen Ollaan hyvin huomattu. K√§vin sairaalassa 25.3 kun alkoi tulemaan halvaus oireita poskiin ja oli aika hassu olo... Flunssaa, r√§k√§√§ tai limaista ysk√§√§ ei ole yht√§√§n meill√§. Kaikkea muuta kyll√§ enemm√§n ja v√§hemm√§n. Kun infernnaalinen p√§√§ns√§rky alkaa ei panadol forte 1g tee mit√§√§n...
1250475140548308998	0	Ihan sama kuoletko sin√§, mutta jos radikaalin hoidon l√§pik√§ynyt yst√§v√§ni tai vaikeaa keuhkoahtaumaa sairastava √§itini kuolee takiasi, niin se vituttaa. Eteenkin silloin, jos saat tehopaikan nuoremmasta i√§st√§ tai paremmasta terveydest√§ johtuen. Pysy vittu kotona. Kiitos.#korona
1247958674674515968	0	2. Korinttilaiskirje 5:9 FB38: Sent√§hden me, olimmepa kotona tai olimmepa poissa, ahkeroitsemme olla h√§nelle mieliksi. https://t.co/NUnvrJZ0b0
1246666440079478791	0	Olen kotona ja on hieman tyls√§ olo. Etsii jotain seuraa, vaikka salaisesti. https://t.co/hisdJJJYPT #paratiisi #seuraa #t√§n√§√§n #chat #chatseuraa #Jenina https://t.co/QaLwUM8qwX
1247125536452689920	0	Ty√∂uupumus ulottuu johtoryhm√§n p√∂yd√§lle https://t.co/0lBP8HdjmT
1250118789259288577	0	Toisen puhkeamaan niin et t√§√§ on pakko poistaa(kun on m√§t√§oireita suussa jep kuulostaa √§ll√∂lt√§, en muuta t√§st√§ saa selv√§√§ kun ihon alta tulevan m√§t√§kaasun eli hammas on hyvin jumissa lihan alla
1245779438937219074	1	karanteeni p√§iv√§ 15: l√§hettiin kahden kaveruksen kanssa lumiseen mets√§√§n sy√∂m√§√§n suklaata ja juomaan teet√§
1246631575384621056	0	Jotenkin t√§m√§ #muutto on ollut normaalia stressaavampi. #J√§nnitt√§√§ l√§hinn√§ se, ett√§ sek√§ me ett√§ muuttofirman herrat pysyv√§t tervein√§, eik√§ jouduta #karanteeni'in. Nykyisest√§ asunnosta kun pit√§√§ luopua. 3 pv viel√§.
1247476575634952193	0	Toivon, ett√§ kaikkia oireilevia voidaan testata matalalla kynnyksell√§. Yhdess√§ me voitetaan t√§m√§. Kuunnellaan ohjeita ja pysyt√§√§n kotona. 4/4
1249740898872840192	1	Kuumetta pukkaa... Minua √§rsytt√§√§ ja puoliso on poissa raiteilta huolesta.
1250852106182983682	?	Tomala
1246016680922406917	1	aamu alko hyvin ku poltin aamupalan uunissa. kauppaan ei menemist√§ uusinta aamupalaa varten. ja ty√∂terveys digiklinikan mukaan en oo en√§√§ ty√∂terveysasiakas. eli mit√§s t√§ss√§ nyt viel√§ sairaana pit√§s tehd√§ üòÇ
1247851945089523714	1	"#THL ylil√§√§k√§ri Nohynek ja miehens√§ sairastuivat #COVID19 maaliskuun puolessa v√§liss√§. Oireet kestiv√§t l√§hes 3 viikkoa. Nohynek vertaa tautia vakavuudeltaan dengue-kuumeeseen, jonka takia h√§n on ollut aikoinaan viikon hoidettavana Auroran sairaalassa." https://t.co/BvZuOyd1wI
1246120501052936192	1	@PipsaAro Mulla ep√§ill√§√§n mutta ei ole testattu, istun vaan kuumeisena kotona eristyksiss√§. (Lekuri sanoi ett√§ toivotaan ett√§ se on se ett√§ mun v√§√§j√§√§m√§t√∂n sairastuminen ois n√§in mieto) Kaverilla oli se testien mukaan, on nyt toipilaana.
1250462120518586368	0	L√§htisk√∂ t√§ll√§ (liev√§t) kivut jaloista, kun hierojallekkaan ei nyt p√§√§se. Kaikkea muuta pit√§√§ kokeilla, paitsi sit√§. #koronasuomi #kipu https://t.co/MZqqWOlfGX
1248740438460284933	1	kaikki oireet asettuu l√§√§kkeill√§ nii ei oo mit√§√§n paniikkia sin√§ns√§
1246522633107247104	0	Huh, nyt alkoi mietitytt√§m√§√§n muutaman p√§iv√§n seurannu #ravit kuinka helposti t√§√§ taas veis, nyt tekem√§s taustoita huomiseen Um√•ker'iin. N. 12v. pois aktiivisesta ravi betsauksesta, pelk√§ll√§ "normi" #Betsit menty. No jatketaan nyt ainakin t√§n #koronavirus ajan, T. Vekun Vinke no1
1246452768723947520	0	@KatjaKurk M√§ olisin risteilyll√§. Ja todella olisin, meill√§ oli matkavaraus pe-su mutta #korona peruutti.
1250862789108916224	0	Mit√§ l√§√§kkeit√§ Valto k√§ytt√§√§? Kaverin puolesta kyselen. #tisuomi #karanteeni
1249998544913784833	1	@Turapalli Maralla oli my√∂s. Oireet vissiin olivat pahemmat kuin Eevalla.
1249929703663833089	0	@Juhavalvio @SamsungSuomi Huomenta Juha! Suosittelen tarkastamaan kaikki telkkarin p√§ivitykset ajan tasalle. Mik√§li t√§st√§ ei ole apua, Samsungin tuotetuki auttaa varmasti mielell√§√§n numerossa 0306227515 vuorokauden ymp√§ri :) Mukavaa tiistaita! Terveisin Julia / Gigantti.
1249230458375864321	1	Narsissit tuokoon auringon keltaista P√§√§si√§ispyh√§√§n‚ù§. Hyvin nukuttu y√∂ takana. Kuume ja s√§rky poissa. Mit√§ ihmett√§ t√§m√§ kuume olikaan, olen kiitollinen ett√§ se on nyt poissa. https://t.co/n0CPIWfonS
1247459483044937728	1	@teologi Juu... Eilen kun k√§vin pienell√§ k√§velylenkill√§ rupes tuntumaan semmonen kuiva ysk√§ joka jatku koko illan. Olin illalla 70% varma et mul satavarmasti on nyt se korona. T√§n√§ aamuna siit√§ ei taas oo tietookaan. https://t.co/12nIvNhO7P
1248237442441908224	0	En normaalisti tilit√§ syvimpi√§ tuntemuksia t√§√§ll√§ Twitteriss√§, mutta nyt meni tunteisiin! #Nordea ja #DanskeBank asiakas jo +20v ja nyt kumpikaan ei toimi! Danske Bank mobiili- ja verkkopankki lukittu. Nordean kortti suljettu ennen aikaisesti! Mist√§ apua? Aspat eiv√§t ole auki!üò´
1249115035680546816	0	ja mulla on niit√§ angiinapeitteit√§ nielussa ja nielu on tosi turvonnu eli fun koska oon yksin kotona
1248612756292435968	0	Joitakin vastaantulijoita mets√§polulla. Mukavaa huomata, ett√§ toisille annettiin tilaa kulkea ohi. #koronavirus
1248277768451784704	0	@onnivahaaho 10kg oli helmikuussa, kun t√∂iss√§ mittasin. Kotona en√§√§n vaakaa olekaan.
1245412452621312000	0	@tfranti T√§n√§√§n viimeksi kotona.
1246897782671228929	0	Englannin p√§√§ministeri Boris Johnson sairaalaan. #koronavirus
1249629104091082753	0	@SariPykala Kyll√§h√§n se kipe√§ on mutta onneksi en ole yksin. Aviomies jeesaa. Tosin taisi olla kova j√§rkytys h√§nellekin, ett√§ taas! Ei t√§ss√§ pahemmin kotit√∂it√§ tehd√§ pitk√§√§n aikaan. Ulos 8 vkon p√§√§st√§ kun voi v√§h√§n varata...üò≥ Astma vaatis kyll√§ keuhkojen tuuletusta mut n√§ill√§ menn√§√§n.
1249272953445003264	0	Lahtelaisnainen parani koronasta kuunneltuaan Cheekin albumia. #koronavirus #kukamuumuka @CheekOfficial https://t.co/Hd59Zb11Cg
1246003554168553478	0	Ottivat koronatestit. Ei ole korona, vaan aivan tavallinen hengitystieinfektio. √Ñkkiselt√§√§n ei heti uskois, mutta niit√§ on semmosiaki!
1246522304814813184	0	10 viikkoa
1250476286440624131	1	@JariTaponen Pikaista toipumista ja mahdollisimman lievi√§ oireita!
1247801893973188608	0	@Jytky5 @sabelmh Ilmeisesti 50% testihetkell√§ t√§ysin oireettomia. Tekstin perusteella tulkitsevat kuitenkin siten, ett√§ oireet ovat vasta kehittym√§ss√§. https://t.co/oJYzzb2UGs
1246854170088439808	0	#tvof on kyll√§ hyv√§n mielen ohjelma. Harmi ett√§ nyt tulee taukoooo koska #korona. T√§n√§ vuonna meid√§n piti menn√§ livel√§hetyksiin. Jospa syksyll√§ olis jo toinen tilanne ‚ù§Ô∏è
1246185974515859460	1	@JuhaTenhonen @LiisaHeiskanen Mulla on ollut v√§h√§n hengitysvaikeuksia niin tyls√§√§ ettei pystynyt saunoa yli 5 minuuttia.
1249522005642223617	?	Koa listoma
1246514259359666178	0	Oletko valmis, jos joudut koronan vuoksi sairaalaan? ‚ÄùTee valmistelut nyt, kunto voi romahtaa √§kki√§‚Äù - 5 t√§rke√§√§ asiaa | Iltalehti https://t.co/tbQzwEjHvV
1245421845865811970	0	@iltalehti_fi Vuorokaudessa noin 20 uutta henkil√∂√§ sairaalahoitoon. N√§kyyk√∂h√§n luvuissa viikonlopun kotiutuslennot #koronavirus alueilta?
